id,status pembatalan
0,0
1,1
2,0
3,1
4,0
5,1
6,0
7,0
8,0
9,1
10,1
11,1
12,0
13,0
14,0
15,0
16,0
17,0
18,0
19,0
20,0
21,1
22,0
23,0
24,0
25,1
26,1
27,0
28,0
29,0
30,0
31,0
32,0
33,0
34,1
35,0
36,0
37,1
38,0
39,0
40,1
41,0
42,1
43,1
44,0
45,0
46,0
47,1
48,1
49,1
50,0
51,0
52,0
53,0
54,0
55,0
56,0
57,1
58,0
59,0
60,0
61,1
62,1
63,0
64,1
65,0
66,0
67,0
68,1
69,1
70,0
71,1
72,0
73,0
74,0
75,0
76,0
77,0
78,0
79,0
80,1
81,1
82,0
83,1
84,1
85,1
86,1
87,0
88,0
89,1
90,0
91,0
92,1
93,1
94,1
95,0
96,0
97,1
98,0
99,0
100,1
101,0
102,0
103,1
104,1
105,1
106,1
107,1
108,1
109,0
110,0
111,1
112,1
113,0
114,0
115,1
116,0
117,0
118,1
119,0
120,1
121,1
122,1
123,1
124,0
125,0
126,1
127,1
128,0
129,0
130,1
131,0
132,1
133,1
134,0
135,0
136,0
137,0
138,1
139,0
140,0
141,1
142,1
143,1
144,0
145,1
146,1
147,1
148,0
149,1
150,0
151,0
152,0
153,1
154,1
155,0
156,0
157,1
158,0
159,0
160,0
161,0
162,0
163,0
164,0
165,1
166,0
167,0
168,0
169,0
170,1
171,1
172,1
173,0
174,1
175,0
176,0
177,0
178,0
179,0
180,1
181,0
182,0
183,1
184,1
185,1
186,1
187,1
188,1
189,1
190,0
191,0
192,1
193,0
194,0
195,1
196,1
197,1
198,1
199,1
200,0
201,0
202,0
203,1
204,1
205,1
206,0
207,0
208,0
209,0
210,0
211,0
212,1
213,0
214,1
215,0
216,1
217,0
218,1
219,0
220,0
221,1
222,1
223,1
224,1
225,1
226,0
227,1
228,0
229,1
230,1
231,0
232,1
233,0
234,0
235,1
236,1
237,1
238,0
239,1
240,1
241,1
242,0
243,1
244,1
245,0
246,1
247,1
248,1
249,1
250,1
251,1
252,0
253,0
254,0
255,1
256,1
257,1
258,1
259,1
260,0
261,0
262,1
263,1
264,1
265,1
266,0
267,1
268,0
269,1
270,1
271,0
272,0
273,1
274,0
275,1
276,1
277,1
278,1
279,0
280,0
281,1
282,1
283,0
284,1
285,0
286,1
287,0
288,0
289,0
290,1
291,1
292,1
293,1
294,1
295,0
296,1
297,0
298,0
299,0
300,1
301,1
302,1
303,0
304,1
305,1
306,1
307,1
308,0
309,0
310,0
311,0
312,0
313,1
314,0
315,0
316,1
317,0
318,0
319,1
320,0
321,0
322,1
323,1
324,0
325,0
326,1
327,1
328,0
329,1
330,1
331,1
332,1
333,1
334,0
335,0
336,1
337,0
338,1
339,0
340,1
341,0
342,1
343,0
344,1
345,1
346,1
347,0
348,1
349,0
350,1
351,0
352,0
353,0
354,1
355,1
356,1
357,0
358,0
359,1
360,1
361,0
362,1
363,0
364,0
365,1
366,0
367,1
368,1
369,0
370,0
371,1
372,0
373,0
374,0
375,0
376,1
377,0
378,1
379,0
380,0
381,0
382,0
383,0
384,1
385,0
386,0
387,0
388,0
389,0
390,1
391,1
392,0
393,0
394,1
395,1
396,1
397,0
398,1
399,1
400,0
401,0
402,1
403,1
404,0
405,0
406,1
407,0
408,0
409,0
410,1
411,0
412,1
413,1
414,0
415,1
416,0
417,0
418,1
419,0
420,1
421,0
422,1
423,1
424,0
425,1
426,1
427,0
428,0
429,0
430,0
431,0
432,1
433,1
434,0
435,1
436,0
437,1
438,1
439,0
440,1
441,1
442,1
443,1
444,0
445,0
446,1
447,1
448,1
449,0
450,1
451,0
452,0
453,1
454,1
455,0
456,0
457,0
458,0
459,0
460,0
461,0
462,1
463,0
464,0
465,0
466,1
467,0
468,1
469,0
470,1
471,1
472,1
473,1
474,1
475,1
476,0
477,1
478,0
479,1
480,1
481,1
482,1
483,0
484,1
485,1
486,0
487,1
488,0
489,1
490,0
491,1
492,0
493,1
494,0
495,0
496,1
497,0
498,0
499,1
500,0
501,1
502,1
503,0
504,0
505,0
506,1
507,1
508,0
509,0
510,0
511,1
512,1
513,0
514,1
515,0
516,1
517,0
518,1
519,0
520,0
521,0
522,0
523,0
524,1
525,1
526,0
527,0
528,0
529,0
530,1
531,1
532,0
533,1
534,0
535,1
536,1
537,1
538,0
539,0
540,1
541,1
542,1
543,1
544,1
545,0
546,1
547,1
548,1
549,1
550,1
551,1
552,1
553,0
554,1
555,1
556,0
557,0
558,1
559,0
560,1
561,1
562,1
563,0
564,1
565,1
566,0
567,1
568,1
569,1
570,1
571,1
572,1
573,0
574,0
575,1
576,0
577,0
578,0
579,0
580,0
581,1
582,0
583,0
584,0
585,1
586,0
587,0
588,0
589,0
590,1
591,0
592,1
593,0
594,0
595,1
596,1
597,0
598,0
599,1
600,0
601,1
602,1
603,0
604,1
605,0
606,1
607,0
608,1
609,0
610,0
611,1
612,1
613,1
614,0
615,1
616,1
617,0
618,1
619,0
620,1
621,1
622,0
623,0
624,0
625,0
626,0
627,0
628,1
629,1
630,0
631,1
632,0
633,1
634,1
635,1
636,0
637,0
638,0
639,0
640,1
641,1
642,0
643,1
644,1
645,1
646,0
647,0
648,1
649,1
650,1
651,1
652,1
653,1
654,1
655,1
656,1
657,0
658,1
659,0
660,1
661,1
662,0
663,0
664,0
665,0
666,1
667,1
668,0
669,1
670,1
671,1
672,1
673,0
674,1
675,1
676,0
677,0
678,0
679,1
680,1
681,1
682,1
683,0
684,0
685,0
686,1
687,0
688,0
689,1
690,0
691,1
692,0
693,1
694,1
695,1
696,1
697,1
698,1
699,0
700,1
701,0
702,1
703,1
704,1
705,0
706,0
707,0
708,1
709,0
710,1
711,1
712,0
713,0
714,0
715,1
716,0
717,0
718,0
719,1
720,0
721,0
722,1
723,0
724,0
725,0
726,0
727,0
728,1
729,1
730,0
731,1
732,1
733,0
734,0
735,1
736,0
737,1
738,1
739,0
740,0
741,0
742,1
743,0
744,1
745,0
746,0
747,1
748,0
749,1
750,0
751,0
752,1
753,0
754,0
755,1
756,0
757,0
758,1
759,0
760,1
761,0
762,0
763,0
764,0
765,1
766,0
767,1
768,1
769,0
770,1
771,1
772,1
773,1
774,1
775,0
776,0
777,0
778,1
779,1
780,0
781,1
782,0
783,1
784,1
785,0
786,0
787,0
788,0
789,1
790,0
791,0
792,1
793,0
794,1
795,0
796,1
797,1
798,1
799,1
800,0
801,0
802,1
803,1
804,0
805,1
806,0
807,0
808,1
809,0
810,0
811,0
812,1
813,1
814,0
815,1
816,0
817,0
818,0
819,1
820,1
821,0
822,1
823,0
824,1
825,0
826,1
827,0
828,1
829,0
830,0
831,1
832,1
833,0
834,1
835,1
836,1
837,0
838,1
839,1
840,0
841,1
842,1
843,1
844,0
845,0
846,0
847,1
848,0
849,0
850,0
851,1
852,0
853,0
854,0
855,0
856,0
857,0
858,1
859,0
860,1
861,0
862,1
863,1
864,1
865,1
866,0
867,0
868,0
869,0
870,0
871,1
872,0
873,1
874,0
875,1
876,0
877,0
878,1
879,1
880,0
881,1
882,1
883,0
884,1
885,0
886,1
887,0
888,0
889,0
890,1
891,1
892,0
893,1
894,1
895,1
896,0
897,0
898,0
899,1
900,1
901,1
902,0
903,0
904,1
905,0
906,0
907,1
908,1
909,0
910,1
911,1
912,1
913,1
914,0
915,1
916,0
917,1
918,1
919,1
920,0
921,0
922,0
923,0
924,1
925,0
926,0
927,0
928,1
929,1
930,1
931,0
932,1
933,0
934,0
935,1
936,0
937,0
938,1
939,0
940,1
941,0
942,1
943,0
944,0
945,1
946,0
947,0
948,0
949,0
950,0
951,0
952,1
953,0
954,0
955,0
956,0
957,1
958,1
959,0
960,0
961,0
962,1
963,1
964,1
965,0
966,0
967,0
968,1
969,1
970,1
971,0
972,0
973,0
974,1
975,1
976,1
977,0
978,1
979,1
980,0
981,1
982,0
983,0
984,1
985,1
986,0
987,1
988,1
989,1
990,0
991,0
992,1
993,0
994,0
995,1
996,1
997,1
998,1
999,0
1000,0
1001,0
1002,1
1003,0
1004,1
1005,1
1006,0
1007,1
1008,0
1009,1
1010,1
1011,0
1012,1
1013,1
1014,1
1015,0
1016,1
1017,1
1018,0
1019,1
1020,1
1021,1
1022,1
1023,1
1024,1
1025,1
1026,1
1027,0
1028,1
1029,0
1030,0
1031,0
1032,1
1033,1
1034,0
1035,1
1036,1
1037,0
1038,0
1039,0
1040,1
1041,0
1042,0
1043,0
1044,0
1045,1
1046,1
1047,0
1048,1
1049,1
1050,0
1051,1
1052,1
1053,0
1054,1
1055,1
1056,0
1057,0
1058,0
1059,0
1060,1
1061,1
1062,1
1063,0
1064,1
1065,0
1066,1
1067,1
1068,1
1069,1
1070,1
1071,1
1072,1
1073,1
1074,1
1075,0
1076,1
1077,1
1078,0
1079,1
1080,1
1081,0
1082,1
1083,0
1084,0
1085,1
1086,0
1087,1
1088,1
1089,0
1090,1
1091,0
1092,1
1093,0
1094,0
1095,0
1096,0
1097,0
1098,1
1099,1
1100,1
1101,1
1102,1
1103,1
1104,1
1105,0
1106,0
1107,0
1108,1
1109,1
1110,0
1111,1
1112,0
1113,1
1114,0
1115,1
1116,0
1117,1
1118,1
1119,0
1120,0
1121,0
1122,0
1123,0
1124,0
1125,1
1126,0
1127,0
1128,1
1129,0
1130,1
1131,1
1132,1
1133,0
1134,0
1135,0
1136,0
1137,0
1138,1
1139,1
1140,1
1141,1
1142,0
1143,1
1144,1
1145,0
1146,1
1147,0
1148,1
1149,0
1150,1
1151,1
1152,0
1153,0
1154,1
1155,0
1156,0
1157,0
1158,0
1159,0
1160,0
1161,1
1162,0
1163,0
1164,0
1165,1
1166,1
1167,1
1168,1
1169,1
1170,0
1171,1
1172,0
1173,1
1174,0
1175,0
1176,0
1177,0
1178,1
1179,0
1180,0
1181,1
1182,1
1183,0
1184,0
1185,0
1186,0
1187,0
1188,1
1189,0
1190,1
1191,0
1192,0
1193,1
1194,1
1195,1
1196,1
1197,0
1198,1
1199,0
1200,1
1201,1
1202,1
1203,1
1204,1
1205,0
1206,1
1207,0
1208,0
1209,0
1210,1
1211,0
1212,1
1213,1
1214,1
1215,1
1216,1
1217,0
1218,0
1219,0
1220,1
1221,0
1222,1
1223,0
1224,0
1225,1
1226,1
1227,1
1228,1
1229,1
1230,0
1231,0
1232,0
1233,1
1234,0
1235,0
1236,0
1237,0
1238,0
1239,0
1240,1
1241,0
1242,0
1243,1
1244,0
1245,0
1246,1
1247,1
1248,0
1249,1
1250,1
1251,1
1252,0
1253,1
1254,1
1255,0
1256,0
1257,0
1258,0
1259,0
1260,0
1261,1
1262,0
1263,0
1264,1
1265,1
1266,1
1267,1
1268,1
1269,1
1270,0
1271,1
1272,1
1273,1
1274,1
1275,1
1276,0
1277,0
1278,0
1279,1
1280,1
1281,0
1282,0
1283,0
1284,1
1285,1
1286,1
1287,1
1288,0
1289,0
1290,0
1291,1
1292,0
1293,1
1294,0
1295,0
1296,0
1297,0
1298,0
1299,0
1300,1
1301,0
1302,1
1303,0
1304,0
1305,0
1306,1
1307,1
1308,1
1309,0
1310,0
1311,1
1312,0
1313,0
1314,1
1315,0
1316,1
1317,0
1318,0
1319,0
1320,0
1321,1
1322,0
1323,1
1324,1
1325,0
1326,0
1327,0
1328,1
1329,0
1330,1
1331,1
1332,1
1333,0
1334,0
1335,0
1336,1
1337,1
1338,1
1339,0
1340,0
1341,0
1342,0
1343,0
1344,0
1345,0
1346,1
1347,1
1348,0
1349,1
1350,1
1351,0
1352,0
1353,1
1354,1
1355,0
1356,0
1357,1
1358,1
1359,0
1360,1
1361,0
1362,0
1363,1
1364,0
1365,0
1366,0
1367,1
1368,0
1369,0
1370,1
1371,1
1372,1
1373,1
1374,1
1375,1
1376,1
1377,1
1378,1
1379,0
1380,1
1381,1
1382,0
1383,0
1384,1
1385,1
1386,1
1387,1
1388,1
1389,1
1390,1
1391,0
1392,1
1393,0
1394,1
1395,1
1396,1
1397,0
1398,0
1399,0
1400,1
1401,0
1402,0
1403,0
1404,1
1405,1
1406,0
1407,1
1408,1
1409,1
1410,1
1411,0
1412,0
1413,0
1414,0
1415,0
1416,0
1417,1
1418,1
1419,0
1420,0
1421,1
1422,0
1423,1
1424,0
1425,1
1426,1
1427,1
1428,0
1429,0
1430,1
1431,0
1432,0
1433,0
1434,1
1435,1
1436,0
1437,1
1438,0
1439,0
1440,1
1441,0
1442,0
1443,1
1444,0
1445,0
1446,1
1447,1
1448,1
1449,0
1450,0
1451,0
1452,1
1453,0
1454,0
1455,1
1456,0
1457,1
1458,0
1459,1
1460,1
1461,1
1462,1
1463,0
1464,0
1465,0
1466,1
1467,0
1468,1
1469,1
1470,0
1471,1
1472,1
1473,0
1474,1
1475,0
1476,1
1477,0
1478,1
1479,1
1480,0
1481,1
1482,1
1483,1
1484,0
1485,0
1486,0
1487,1
1488,1
1489,1
1490,1
1491,1
1492,1
1493,1
1494,0
1495,0
1496,0
1497,0
1498,1
1499,0
1500,0
1501,1
1502,1
1503,0
1504,0
1505,1
1506,0
1507,0
1508,1
1509,0
1510,0
1511,1
1512,1
1513,0
1514,1
1515,0
1516,1
1517,1
1518,0
1519,1
1520,1
1521,1
1522,0
1523,0
1524,1
1525,0
1526,1
1527,0
1528,1
1529,0
1530,1
1531,1
1532,1
1533,0
1534,0
1535,1
1536,0
1537,1
1538,0
1539,0
1540,1
1541,0
1542,0
1543,0
1544,1
1545,1
1546,0
1547,1
1548,1
1549,0
1550,0
1551,1
1552,0
1553,1
1554,1
1555,0
1556,0
1557,0
1558,0
1559,1
1560,1
1561,0
1562,0
1563,0
1564,1
1565,0
1566,1
1567,0
1568,1
1569,1
1570,1
1571,1
1572,1
1573,0
1574,1
1575,0
1576,0
1577,0
1578,1
1579,0
1580,0
1581,1
1582,0
1583,0
1584,1
1585,0
1586,1
1587,0
1588,1
1589,0
1590,0
1591,1
1592,0
1593,0
1594,1
1595,1
1596,0
1597,1
1598,0
1599,1
1600,1
1601,0
1602,0
1603,0
1604,1
1605,1
1606,1
1607,0
1608,1
1609,0
1610,1
1611,0
1612,0
1613,1
1614,1
1615,0
1616,1
1617,0
1618,1
1619,1
1620,0
1621,1
1622,1
1623,0
1624,0
1625,1
1626,0
1627,1
1628,0
1629,0
1630,0
1631,1
1632,0
1633,0
1634,1
1635,1
1636,0
1637,0
1638,1
1639,1
1640,1
1641,1
1642,0
1643,0
1644,0
1645,0
1646,1
1647,0
1648,0
1649,1
1650,0
1651,1
1652,0
1653,0
1654,0
1655,0
1656,1
1657,1
1658,1
1659,1
1660,1
1661,1
1662,0
1663,0
1664,0
1665,0
1666,0
1667,1
1668,0
1669,1
1670,0
1671,0
1672,0
1673,0
1674,1
1675,1
1676,0
1677,0
1678,0
1679,0
1680,1
1681,1
1682,1
1683,1
1684,1
1685,0
1686,0
1687,1
1688,1
1689,0
1690,0
1691,0
1692,1
1693,0
1694,1
1695,1
1696,1
1697,0
1698,0
1699,0
1700,0
1701,0
1702,0
1703,1
1704,1
1705,0
1706,0
1707,1
1708,0
1709,1
1710,1
1711,1
1712,1
1713,1
1714,0
1715,0
1716,1
1717,1
1718,0
1719,0
1720,1
1721,0
1722,1
1723,0
1724,0
1725,1
1726,0
1727,0
1728,0
1729,0
1730,1
1731,1
1732,0
1733,1
1734,1
1735,1
1736,0
1737,0
1738,1
1739,0
1740,0
1741,1
1742,1
1743,0
1744,0
1745,1
1746,0
1747,1
1748,1
1749,0
1750,0
1751,0
1752,0
1753,1
1754,0
1755,1
1756,1
1757,1
1758,0
1759,0
1760,1
1761,0
1762,1
1763,0
1764,1
1765,0
1766,0
1767,1
1768,1
1769,1
1770,0
1771,1
1772,1
1773,0
1774,1
1775,0
1776,0
1777,0
1778,0
1779,1
1780,0
1781,0
1782,0
1783,0
1784,0
1785,0
1786,1
1787,1
1788,1
1789,1
1790,1
1791,1
1792,0
1793,0
1794,1
1795,0
1796,1
1797,1
1798,1
1799,0
1800,1
1801,1
1802,0
1803,0
1804,1
1805,0
1806,1
1807,1
1808,1
1809,1
1810,0
1811,1
1812,0
1813,1
1814,0
1815,1
1816,0
1817,1
1818,1
1819,0
1820,1
1821,1
1822,1
1823,1
1824,1
1825,0
1826,1
1827,1
1828,0
1829,0
1830,1
1831,1
1832,0
1833,1
1834,1
1835,1
1836,1
1837,0
1838,0
1839,0
1840,0
1841,0
1842,1
1843,1
1844,0
1845,1
1846,1
1847,0
1848,1
1849,1
1850,1
1851,0
1852,0
1853,1
1854,0
1855,1
1856,0
1857,0
1858,0
1859,1
1860,1
1861,1
1862,0
1863,1
1864,1
1865,1
1866,1
1867,1
1868,1
1869,0
1870,1
1871,0
1872,1
1873,0
1874,1
1875,1
1876,0
1877,1
1878,1
1879,0
1880,1
1881,0
1882,1
1883,1
1884,1
1885,0
1886,1
1887,1
1888,0
1889,1
1890,1
1891,0
1892,0
1893,1
1894,0
1895,1
1896,0
1897,0
1898,1
1899,1
1900,1
1901,1
1902,1
1903,0
1904,0
1905,0
1906,1
1907,1
1908,1
1909,0
1910,1
1911,1
1912,0
1913,1
1914,0
1915,1
1916,1
1917,1
1918,1
1919,1
1920,1
1921,0
1922,0
1923,0
1924,0
1925,1
1926,1
1927,1
1928,1
1929,0
1930,0
1931,0
1932,1
1933,0
1934,1
1935,1
1936,0
1937,1
1938,0
1939,1
1940,0
1941,1
1942,1
1943,1
1944,1
1945,1
1946,1
1947,0
1948,1
1949,1
1950,1
1951,1
1952,1
1953,0
1954,0
1955,0
1956,1
1957,0
1958,0
1959,0
1960,1
1961,0
1962,1
1963,1
1964,0
1965,0
1966,1
1967,0
1968,0
1969,1
1970,1
1971,0
1972,1
1973,1
1974,0
1975,0
1976,1
1977,1
1978,1
1979,1
1980,0
1981,0
1982,1
1983,1
1984,0
1985,1
1986,0
1987,0
1988,0
1989,0
1990,0
1991,0
1992,1
1993,1
1994,0
1995,0
1996,1
1997,1
1998,0
1999,1
2000,0
2001,0
2002,1
2003,1
2004,0
2005,1
2006,1
2007,1
2008,1
2009,0
2010,1
2011,1
2012,0
2013,0
2014,0
2015,0
2016,0
2017,1
2018,1
2019,1
2020,1
2021,0
2022,0
2023,1
2024,1
2025,0
2026,0
2027,1
2028,0
2029,1
2030,0
2031,1
2032,1
2033,1
2034,1
2035,0
2036,1
2037,0
2038,1
2039,0
2040,1
2041,0
2042,0
2043,0
2044,0
2045,1
2046,1
2047,1
2048,1
2049,0
2050,1
2051,1
2052,1
2053,1
2054,0
2055,0
2056,1
2057,0
2058,1
2059,0
2060,0
2061,1
2062,0
2063,0
2064,1
2065,0
2066,1
2067,0
2068,0
2069,0
2070,1
2071,0
2072,0
2073,0
2074,1
2075,1
2076,0
2077,0
2078,1
2079,0
2080,1
2081,1
2082,0
2083,1
2084,1
2085,0
2086,0
2087,1
2088,1
2089,1
2090,0
2091,1
2092,1
2093,1
2094,1
2095,1
2096,1
2097,1
2098,0
2099,1
2100,1
2101,1
2102,0
2103,0
2104,0
2105,1
2106,1
2107,1
2108,1
2109,1
2110,0
2111,0
2112,0
2113,1
2114,0
2115,1
2116,1
2117,1
2118,0
2119,1
2120,1
2121,0
2122,1
2123,1
2124,0
2125,0
2126,1
2127,1
2128,0
2129,0
2130,0
2131,0
2132,0
2133,0
2134,0
2135,0
2136,1
2137,1
2138,1
2139,1
2140,0
2141,0
2142,1
2143,1
2144,0
2145,0
2146,1
2147,1
2148,0
2149,0
2150,0
2151,0
2152,0
2153,0
2154,0
2155,0
2156,0
2157,1
2158,1
2159,0
2160,0
2161,1
2162,0
2163,1
2164,1
2165,0
2166,1
2167,0
2168,0
2169,1
2170,1
2171,1
2172,0
2173,0
2174,1
2175,1
2176,1
2177,0
2178,1
2179,0
2180,1
2181,1
2182,1
2183,0
2184,0
2185,1
2186,1
2187,1
2188,0
2189,0
2190,0
2191,1
2192,0
2193,0
2194,0
2195,1
2196,0
2197,1
2198,1
2199,0
2200,1
2201,1
2202,0
2203,0
2204,1
2205,1
2206,0
2207,0
2208,0
2209,1
2210,0
2211,0
2212,1
2213,0
2214,1
2215,1
2216,0
2217,1
2218,0
2219,0
2220,1
2221,1
2222,0
2223,0
2224,1
2225,0
2226,0
2227,0
2228,1
2229,0
2230,1
2231,0
2232,1
2233,1
2234,0
2235,0
2236,1
2237,0
2238,0
2239,1
2240,1
2241,0
2242,0
2243,1
2244,0
2245,1
2246,1
2247,1
2248,1
2249,1
2250,1
2251,1
2252,0
2253,0
2254,0
2255,1
2256,0
2257,0
2258,0
2259,0
2260,1
2261,1
2262,0
2263,1
2264,0
2265,1
2266,1
2267,0
2268,1
2269,1
2270,1
2271,0
2272,0
2273,0
2274,1
2275,0
2276,0
2277,1
2278,0
2279,1
2280,1
2281,1
2282,0
2283,1
2284,1
2285,1
2286,0
2287,0
2288,1
2289,1
2290,1
2291,1
2292,1
2293,1
2294,0
2295,0
2296,0
2297,0
2298,1
2299,0
2300,1
2301,0
2302,0
2303,0
2304,1
2305,0
2306,0
2307,0
2308,1
2309,0
2310,1
2311,1
2312,0
2313,1
2314,1
2315,1
2316,1
2317,1
2318,1
2319,0
2320,1
2321,0
2322,0
2323,1
2324,0
2325,1
2326,0
2327,1
2328,0
2329,1
2330,0
2331,0
2332,0
2333,1
2334,0
2335,0
2336,0
2337,0
2338,1
2339,0
2340,1
2341,1
2342,1
2343,1
2344,0
2345,0
2346,1
2347,1
2348,0
2349,1
2350,1
2351,1
2352,1
2353,1
2354,1
2355,0
2356,1
2357,1
2358,0
2359,0
2360,1
2361,1
2362,1
2363,0
2364,1
2365,0
2366,1
2367,1
2368,0
2369,0
2370,1
2371,0
2372,1
2373,1
2374,0
2375,1
2376,1
2377,0
2378,1
2379,1
2380,1
2381,0
2382,1
2383,1
2384,0
2385,1
2386,1
2387,1
2388,0
2389,0
2390,1
2391,0
2392,1
2393,1
2394,0
2395,0
2396,1
2397,1
2398,1
2399,0
2400,0
2401,0
2402,1
2403,1
2404,0
2405,1
2406,1
2407,0
2408,1
2409,0
2410,1
2411,1
2412,0
2413,0
2414,0
2415,1
2416,1
2417,1
2418,0
2419,0
2420,1
2421,0
2422,0
2423,1
2424,0
2425,0
2426,0
2427,1
2428,1
2429,1
2430,0
2431,1
2432,1
2433,0
2434,0
2435,1
2436,1
2437,1
2438,0
2439,0
2440,1
2441,1
2442,1
2443,1
2444,0
2445,1
2446,1
2447,0
2448,0
2449,1
2450,1
2451,0
2452,0
2453,0
2454,0
2455,1
2456,1
2457,1
2458,1
2459,0
2460,0
2461,1
2462,1
2463,1
2464,0
2465,1
2466,0
2467,1
2468,0
2469,0
2470,1
2471,0
2472,0
2473,1
2474,1
2475,1
2476,0
2477,0
2478,0
2479,0
2480,0
2481,0
2482,0
2483,1
2484,0
2485,1
2486,0
2487,1
2488,1
2489,1
2490,0
2491,0
2492,0
2493,0
2494,0
2495,0
2496,0
2497,0
2498,1
2499,0
2500,1
2501,1
2502,0
2503,1
2504,0
2505,1
2506,0
2507,1
2508,1
2509,1
2510,1
2511,0
2512,0
2513,1
2514,0
2515,0
2516,0
2517,1
2518,0
2519,0
2520,1
2521,1
2522,0
2523,1
2524,1
2525,0
2526,1
2527,1
2528,1
2529,0
2530,1
2531,1
2532,1
2533,1
2534,1
2535,0
2536,0
2537,0
2538,0
2539,0
2540,1
2541,0
2542,1
2543,1
2544,1
2545,0
2546,1
2547,0
2548,0
2549,1
2550,0
2551,0
2552,1
2553,0
2554,0
2555,0
2556,1
2557,0
2558,1
2559,1
2560,0
2561,1
2562,0
2563,1
2564,1
2565,1
2566,1
2567,0
2568,0
2569,0
2570,0
2571,1
2572,1
2573,1
2574,1
2575,0
2576,0
2577,1
2578,1
2579,0
2580,1
2581,1
2582,1
2583,0
2584,0
2585,1
2586,0
2587,1
2588,1
2589,0
2590,0
2591,1
2592,1
2593,1
2594,0
2595,1
2596,1
2597,0
2598,0
2599,0
2600,0
2601,0
2602,0
2603,1
2604,1
2605,1
2606,0
2607,0
2608,0
2609,1
2610,0
2611,1
2612,1
2613,0
2614,1
2615,0
2616,0
2617,1
2618,0
2619,0
2620,1
2621,1
2622,0
2623,0
2624,1
2625,1
2626,1
2627,0
2628,1
2629,0
2630,1
2631,1
2632,1
2633,1
2634,0
2635,1
2636,0
2637,0
2638,1
2639,1
2640,0
2641,0
2642,1
2643,1
2644,1
2645,1
2646,0
2647,0
2648,0
2649,0
2650,1
2651,1
2652,1
2653,1
2654,1
2655,0
2656,1
2657,1
2658,1
2659,0
2660,0
2661,1
2662,0
2663,0
2664,1
2665,1
2666,0
2667,0
2668,1
2669,1
2670,0
2671,0
2672,0
2673,0
2674,0
2675,1
2676,0
2677,0
2678,0
2679,0
2680,0
2681,0
2682,0
2683,0
2684,0
2685,1
2686,1
2687,1
2688,0
2689,0
2690,1
2691,1
2692,1
2693,0
2694,0
2695,0
2696,1
2697,0
2698,1
2699,0
2700,1
2701,1
2702,0
2703,0
2704,1
2705,0
2706,0
2707,0
2708,1
2709,0
2710,1
2711,0
2712,1
2713,1
2714,0
2715,0
2716,1
2717,0
2718,1
2719,1
2720,0
2721,1
2722,1
2723,0
2724,0
2725,1
2726,0
2727,1
2728,1
2729,0
2730,0
2731,0
2732,0
2733,0
2734,0
2735,0
2736,0
2737,1
2738,0
2739,1
2740,1
2741,1
2742,0
2743,1
2744,0
2745,0
2746,1
2747,1
2748,1
2749,1
2750,0
2751,0
2752,1
2753,0
2754,1
2755,1
2756,0
2757,1
2758,0
2759,0
2760,1
2761,1
2762,0
2763,0
2764,1
2765,0
2766,1
2767,0
2768,0
2769,1
2770,0
2771,1
2772,1
2773,1
2774,0
2775,0
2776,1
2777,0
2778,0
2779,0
2780,1
2781,1
2782,1
2783,1
2784,1
2785,1
2786,0
2787,0
2788,1
2789,0
2790,0
2791,0
2792,0
2793,0
2794,1
2795,1
2796,1
2797,1
2798,1
2799,0
2800,0
2801,0
2802,1
2803,1
2804,0
2805,1
2806,0
2807,1
2808,1
2809,1
2810,1
2811,0
2812,1
2813,0
2814,0
2815,1
2816,0
2817,1
2818,1
2819,0
2820,1
2821,0
2822,0
2823,0
2824,1
2825,0
2826,0
2827,0
2828,1
2829,1
2830,1
2831,0
2832,0
2833,1
2834,1
2835,1
2836,0
2837,1
2838,0
2839,1
2840,1
2841,1
2842,1
2843,1
2844,0
2845,0
2846,0
2847,1
2848,0
2849,1
2850,1
2851,0
2852,1
2853,0
2854,0
2855,1
2856,0
2857,1
2858,1
2859,1
2860,1
2861,0
2862,0
2863,1
2864,1
2865,0
2866,0
2867,0
2868,0
2869,0
2870,0
2871,1
2872,0
2873,1
2874,1
2875,1
2876,1
2877,0
2878,1
2879,0
2880,0
2881,1
2882,1
2883,0
2884,1
2885,0
2886,1
2887,0
2888,1
2889,0
2890,1
2891,1
2892,1
2893,1
2894,1
2895,0
2896,0
2897,0
2898,0
2899,0
2900,1
2901,0
2902,1
2903,0
2904,1
2905,1
2906,0
2907,1
2908,0
2909,1
2910,0
2911,0
2912,0
2913,1
2914,0
2915,1
2916,0
2917,0
2918,0
2919,0
2920,1
2921,0
2922,1
2923,1
2924,0
2925,0
2926,0
2927,0
2928,0
2929,0
2930,0
2931,0
2932,1
2933,1
2934,0
2935,1
2936,0
2937,1
2938,1
2939,1
2940,0
2941,1
2942,1
2943,1
2944,0
2945,0
2946,1
2947,0
2948,0
2949,1
2950,1
2951,0
2952,0
2953,0
2954,0
2955,1
2956,0
2957,1
2958,0
2959,1
2960,0
2961,0
2962,1
2963,0
2964,1
2965,0
2966,1
2967,0
2968,0
2969,0
2970,1
2971,0
2972,0
2973,0
2974,0
2975,0
2976,0
2977,0
2978,0
2979,0
2980,1
2981,0
2982,0
2983,1
2984,0
2985,1
2986,1
2987,0
2988,1
2989,1
2990,1
2991,1
2992,0
2993,0
2994,1
2995,0
2996,0
2997,0
2998,1
2999,0
3000,1
3001,1
3002,1
3003,0
3004,0
3005,1
3006,0
3007,0
3008,1
3009,1
3010,1
3011,0
3012,0
3013,1
3014,0
3015,0
3016,0
3017,1
3018,1
3019,0
3020,1
3021,1
3022,0
3023,0
3024,1
3025,1
3026,0
3027,0
3028,0
3029,0
3030,1
3031,0
3032,1
3033,1
3034,1
3035,1
3036,0
3037,0
3038,1
3039,0
3040,1
3041,0
3042,0
3043,1
3044,0
3045,1
3046,0
3047,1
3048,0
3049,1
3050,1
3051,0
3052,1
3053,0
3054,1
3055,1
3056,1
3057,0
3058,1
3059,1
3060,0
3061,0
3062,0
3063,1
3064,1
3065,1
3066,0
3067,1
3068,1
3069,0
3070,1
3071,0
3072,0
3073,1
3074,0
3075,1
3076,0
3077,0
3078,1
3079,0
3080,0
3081,1
3082,1
3083,0
3084,1
3085,1
3086,0
3087,1
3088,0
3089,0
3090,1
3091,0
3092,1
3093,0
3094,0
3095,1
3096,1
3097,1
3098,1
3099,0
3100,0
3101,1
3102,0
3103,1
3104,1
3105,0
3106,1
3107,1
3108,0
3109,1
3110,1
3111,1
3112,1
3113,0
3114,1
3115,1
3116,0
3117,1
3118,1
3119,1
3120,1
3121,0
3122,1
3123,0
3124,1
3125,0
3126,1
3127,0
3128,1
3129,0
3130,0
3131,1
3132,1
3133,0
3134,1
3135,0
3136,0
3137,0
3138,1
3139,0
3140,1
3141,0
3142,1
3143,1
3144,0
3145,0
3146,1
3147,0
3148,1
3149,0
3150,0
3151,0
3152,1
3153,1
3154,0
3155,1
3156,1
3157,1
3158,0
3159,1
3160,1
3161,1
3162,0
3163,1
3164,0
3165,1
3166,0
3167,0
3168,1
3169,0
3170,0
3171,1
3172,0
3173,1
3174,0
3175,0
3176,1
3177,0
3178,1
3179,1
3180,1
3181,0
3182,1
3183,1
3184,1
3185,0
3186,1
3187,1
3188,0
3189,0
3190,1
3191,0
3192,0
3193,1
3194,0
3195,1
3196,1
3197,0
3198,1
3199,0
3200,1
3201,1
3202,1
3203,0
3204,0
3205,0
3206,1
3207,0
3208,1
3209,1
3210,1
3211,1
3212,0
3213,1
3214,0
3215,1
3216,1
3217,0
3218,1
3219,1
3220,0
3221,1
3222,1
3223,1
3224,0
3225,1
3226,1
3227,0
3228,0
3229,0
3230,0
3231,1
3232,0
3233,0
3234,0
3235,1
3236,0
3237,0
3238,0
3239,0
3240,1
3241,0
3242,0
3243,0
3244,1
3245,1
3246,0
3247,1
3248,0
3249,0
3250,1
3251,1
3252,1
3253,0
3254,0
3255,1
3256,0
3257,0
3258,0
3259,0
3260,1
3261,1
3262,1
3263,0
3264,0
3265,0
3266,0
3267,0
3268,0
3269,1
3270,1
3271,1
3272,1
3273,1
3274,1
3275,1
3276,0
3277,0
3278,1
3279,1
3280,0
3281,1
3282,0
3283,0
3284,0
3285,0
3286,1
3287,0
3288,1
3289,0
3290,0
3291,1
3292,1
3293,1
3294,0
3295,1
3296,0
3297,1
3298,1
3299,0
3300,1
3301,1
3302,0
3303,1
3304,0
3305,0
3306,0
3307,1
3308,1
3309,1
3310,0
3311,0
3312,1
3313,1
3314,1
3315,0
3316,0
3317,0
3318,0
3319,0
3320,0
3321,1
3322,1
3323,1
3324,0
3325,1
3326,1
3327,1
3328,0
3329,0
3330,0
3331,0
3332,1
3333,0
3334,0
3335,1
3336,1
3337,0
3338,0
3339,1
3340,0
3341,1
3342,0
3343,1
3344,0
3345,1
3346,0
3347,0
3348,0
3349,0
3350,0
3351,1
3352,0
3353,1
3354,1
3355,0
3356,1
3357,1
3358,1
3359,1
3360,0
3361,1
3362,1
3363,0
3364,1
3365,0
3366,0
3367,0
3368,0
3369,1
3370,1
3371,1
3372,0
3373,0
3374,0
3375,1
3376,0
3377,0
3378,1
3379,1
3380,1
3381,1
3382,1
3383,1
3384,1
3385,0
3386,0
3387,1
3388,0
3389,1
3390,0
3391,0
3392,0
3393,0
3394,0
3395,0
3396,0
3397,0
3398,0
3399,0
3400,1
3401,0
3402,0
3403,0
3404,1
3405,0
3406,0
3407,0
3408,0
3409,0
3410,1
3411,0
3412,0
3413,0
3414,0
3415,1
3416,0
3417,0
3418,0
3419,1
3420,1
3421,0
3422,1
3423,0
3424,1
3425,0
3426,0
3427,0
3428,0
3429,0
3430,1
3431,1
3432,0
3433,0
3434,1
3435,1
3436,1
3437,1
3438,0
3439,1
3440,0
3441,0
3442,1
3443,0
3444,0
3445,0
3446,1
3447,0
3448,0
3449,1
3450,1
3451,0
3452,0
3453,0
3454,0
3455,0
3456,1
3457,1
3458,0
3459,1
3460,1
3461,0
3462,1
3463,0
3464,0
3465,1
3466,1
3467,1
3468,1
3469,1
3470,0
3471,1
3472,0
3473,1
3474,0
3475,0
3476,0
3477,1
3478,0
3479,0
3480,1
3481,1
3482,0
3483,1
3484,0
3485,1
3486,1
3487,1
3488,1
3489,0
3490,1
3491,0
3492,0
3493,1
3494,0
3495,0
3496,1
3497,1
3498,1
3499,0
3500,0
3501,1
3502,1
3503,0
3504,0
3505,1
3506,1
3507,0
3508,1
3509,1
3510,0
3511,1
3512,1
3513,1
3514,0
3515,1
3516,1
3517,0
3518,1
3519,0
3520,1
3521,1
3522,1
3523,1
3524,0
3525,0
3526,0
3527,0
3528,1
3529,1
3530,0
3531,0
3532,0
3533,0
3534,1
3535,0
3536,0
3537,0
3538,1
3539,1
3540,1
3541,1
3542,0
3543,1
3544,0
3545,1
3546,0
3547,1
3548,1
3549,1
3550,0
3551,0
3552,0
3553,0
3554,1
3555,0
3556,1
3557,1
3558,1
3559,0
3560,0
3561,0
3562,0
3563,1
3564,1
3565,1
3566,0
3567,1
3568,1
3569,1
3570,0
3571,1
3572,0
3573,0
3574,0
3575,1
3576,1
3577,1
3578,1
3579,1
3580,1
3581,1
3582,1
3583,1
3584,0
3585,1
3586,0
3587,0
3588,0
3589,1
3590,0
3591,0
3592,0
3593,0
3594,0
3595,0
3596,1
3597,1
3598,1
3599,1
3600,0
3601,1
3602,0
3603,1
3604,1
3605,1
3606,0
3607,0
3608,0
3609,1
3610,0
3611,0
3612,1
3613,1
3614,1
3615,0
3616,0
3617,0
3618,0
3619,1
3620,0
3621,1
3622,1
3623,0
3624,0
3625,0
3626,1
3627,1
3628,0
3629,0
3630,1
3631,1
3632,1
3633,0
3634,0
3635,1
3636,0
3637,0
3638,1
3639,1
3640,0
3641,1
3642,1
3643,0
3644,0
3645,0
3646,1
3647,0
3648,0
3649,1
3650,0
3651,1
3652,1
3653,0
3654,1
3655,0
3656,1
3657,1
3658,0
3659,1
3660,0
3661,0
3662,0
3663,0
3664,0
3665,0
3666,0
3667,0
3668,1
3669,0
3670,0
3671,0
3672,1
3673,1
3674,1
3675,0
3676,0
3677,0
3678,0
3679,1
3680,1
3681,0
3682,1
3683,0
3684,1
3685,0
3686,1
3687,1
3688,1
3689,1
3690,0
3691,1
3692,0
3693,0
3694,0
3695,0
3696,0
3697,0
3698,1
3699,0
3700,1
3701,0
3702,1
3703,1
3704,1
3705,1
3706,1
3707,1
3708,1
3709,0
3710,0
3711,0
3712,0
3713,1
3714,0
3715,0
3716,1
3717,1
3718,1
3719,1
3720,0
3721,1
3722,0
3723,1
3724,0
3725,1
3726,0
3727,0
3728,1
3729,0
3730,1
3731,0
3732,1
3733,0
3734,0
3735,1
3736,1
3737,1
3738,1
3739,0
3740,1
3741,1
3742,0
3743,0
3744,1
3745,0
3746,0
3747,0
3748,1
3749,0
3750,1
3751,0
3752,1
3753,0
3754,1
3755,0
3756,0
3757,0
3758,1
3759,1
3760,1
3761,0
3762,0
3763,0
3764,1
3765,0
3766,0
3767,1
3768,0
3769,0
3770,1
3771,0
3772,0
3773,0
3774,1
3775,0
3776,1
3777,1
3778,1
3779,0
3780,1
3781,1
3782,0
3783,1
3784,1
3785,1
3786,1
3787,1
3788,0
3789,1
3790,1
3791,0
3792,1
3793,0
3794,0
3795,1
3796,0
3797,0
3798,1
3799,1
3800,1
3801,1
3802,1
3803,1
3804,0
3805,1
3806,0
3807,1
3808,1
3809,1
3810,1
3811,1
3812,0
3813,0
3814,1
3815,1
3816,0
3817,0
3818,1
3819,1
3820,0
3821,0
3822,1
3823,1
3824,1
3825,1
3826,0
3827,1
3828,0
3829,1
3830,1
3831,1
3832,1
3833,0
3834,1
3835,1
3836,0
3837,1
3838,0
3839,1
3840,0
3841,1
3842,1
3843,1
3844,1
3845,0
3846,1
3847,0
3848,1
3849,1
3850,0
3851,1
3852,1
3853,1
3854,1
3855,0
3856,1
3857,0
3858,1
3859,1
3860,1
3861,0
3862,1
3863,0
3864,0
3865,1
3866,0
3867,0
3868,0
3869,0
3870,0
3871,0
3872,0
3873,0
3874,0
3875,0
3876,1
3877,0
3878,1
3879,0
3880,1
3881,1
3882,0
3883,1
3884,1
3885,1
3886,1
3887,1
3888,0
3889,0
3890,0
3891,1
3892,1
3893,1
3894,1
3895,0
3896,0
3897,1
3898,1
3899,0
3900,0
3901,0
3902,0
3903,0
3904,1
3905,1
3906,0
3907,0
3908,0
3909,0
3910,0
3911,0
3912,1
3913,1
3914,0
3915,1
3916,1
3917,0
3918,0
3919,0
3920,0
3921,1
3922,0
3923,0
3924,1
3925,0
3926,0
3927,0
3928,1
3929,0
3930,0
3931,1
3932,0
3933,0
3934,0
3935,1
3936,1
3937,1
3938,0
3939,0
3940,1
3941,0
3942,1
3943,1
3944,1
3945,1
3946,0
3947,1
3948,1
3949,0
3950,0
3951,0
3952,1
3953,1
3954,1
3955,0
3956,0
3957,1
3958,1
3959,0
3960,0
3961,1
3962,0
3963,1
3964,1
3965,1
3966,0
3967,1
3968,0
3969,0
3970,0
3971,0
3972,1
3973,1
3974,0
3975,0
3976,0
3977,0
3978,1
3979,1
3980,1
3981,0
3982,1
3983,1
3984,1
3985,1
3986,1
3987,0
3988,0
3989,0
3990,0
3991,0
3992,0
3993,0
3994,0
3995,0
3996,1
3997,1
3998,1
3999,0
4000,1
4001,1
4002,1
4003,1
4004,1
4005,0
4006,0
4007,0
4008,0
4009,1
4010,0
4011,1
4012,0
4013,1
4014,1
4015,1
4016,0
4017,1
4018,1
4019,1
4020,1
4021,0
4022,0
4023,0
4024,1
4025,1
4026,1
4027,0
4028,0
4029,0
4030,0
4031,1
4032,0
4033,1
4034,1
4035,1
4036,0
4037,0
4038,1
4039,0
4040,1
4041,0
4042,1
4043,0
4044,0
4045,1
4046,0
4047,0
4048,0
4049,1
4050,0
4051,1
4052,0
4053,0
4054,1
4055,1
4056,1
4057,1
4058,1
4059,0
4060,1
4061,1
4062,0
4063,1
4064,1
4065,1
4066,1
4067,1
4068,1
4069,0
4070,1
4071,0
4072,1
4073,1
4074,0
4075,1
4076,1
4077,0
4078,0
4079,1
4080,1
4081,1
4082,1
4083,0
4084,1
4085,1
4086,1
4087,1
4088,1
4089,1
4090,1
4091,1
4092,0
4093,0
4094,0
4095,0
4096,1
4097,1
4098,1
4099,0
4100,1
4101,1
4102,1
4103,1
4104,1
4105,0
4106,0
4107,0
4108,1
4109,1
4110,0
4111,1
4112,0
4113,1
4114,0
4115,0
4116,0
4117,1
4118,1
4119,0
4120,1
4121,0
4122,0
4123,1
4124,1
4125,0
4126,0
4127,1
4128,0
4129,0
4130,0
4131,0
4132,1
4133,1
4134,1
4135,1
4136,0
4137,1
4138,1
4139,1
4140,0
4141,0
4142,1
4143,0
4144,1
4145,0
4146,0
4147,0
4148,0
4149,1
4150,0
4151,1
4152,1
4153,0
4154,1
4155,0
4156,1
4157,1
4158,0
4159,1
4160,1
4161,0
4162,0
4163,0
4164,1
4165,0
4166,0
4167,0
4168,1
4169,1
4170,1
4171,1
4172,0
4173,0
4174,0
4175,1
4176,1
4177,0
4178,1
4179,1
4180,0
4181,0
4182,0
4183,0
4184,1
4185,1
4186,1
4187,0
4188,0
4189,0
4190,0
4191,0
4192,0
4193,0
4194,0
4195,1
4196,1
4197,0
4198,0
4199,1
4200,1
4201,1
4202,0
4203,1
4204,1
4205,0
4206,1
4207,1
4208,0
4209,0
4210,0
4211,0
4212,0
4213,1
4214,0
4215,1
4216,0
4217,0
4218,1
4219,0
4220,0
4221,1
4222,1
4223,1
4224,1
4225,0
4226,0
4227,0
4228,1
4229,1
4230,1
4231,1
4232,1
4233,0
4234,1
4235,0
4236,0
4237,0
4238,0
4239,0
4240,1
4241,0
4242,0
4243,0
4244,1
4245,1
4246,0
4247,0
4248,0
4249,0
4250,0
4251,1
4252,1
4253,0
4254,1
4255,0
4256,0
4257,1
4258,1
4259,1
4260,0
4261,1
4262,1
4263,0
4264,1
4265,1
4266,1
4267,0
4268,0
4269,1
4270,1
4271,0
4272,0
4273,1
4274,1
4275,0
4276,0
4277,1
4278,1
4279,0
4280,1
4281,1
4282,1
4283,1
4284,0
4285,0
4286,1
4287,0
4288,1
4289,0
4290,0
4291,1
4292,1
4293,0
4294,0
4295,0
4296,1
4297,1
4298,1
4299,0
4300,1
4301,1
4302,0
4303,0
4304,1
4305,0
4306,0
4307,0
4308,1
4309,1
4310,1
4311,0
4312,1
4313,0
4314,0
4315,0
4316,0
4317,1
4318,1
4319,1
4320,0
4321,1
4322,0
4323,0
4324,0
4325,1
4326,0
4327,0
4328,0
4329,1
4330,1
4331,0
4332,1
4333,1
4334,0
4335,0
4336,0
4337,1
4338,0
4339,1
4340,1
4341,1
4342,1
4343,1
4344,0
4345,1
4346,1
4347,0
4348,0
4349,0
4350,1
4351,0
4352,1
4353,0
4354,1
4355,0
4356,1
4357,1
4358,1
4359,0
4360,0
4361,0
4362,1
4363,0
4364,0
4365,1
4366,1
4367,1
4368,0
4369,1
4370,1
4371,1
4372,1
4373,0
4374,1
4375,0
4376,0
4377,1
4378,1
4379,1
4380,1
4381,0
4382,0
4383,1
4384,0
4385,1
4386,1
4387,1
4388,0
4389,0
4390,0
4391,0
4392,1
4393,0
4394,0
4395,0
4396,1
4397,0
4398,0
4399,1
4400,0
4401,1
4402,1
4403,0
4404,1
4405,0
4406,1
4407,1
4408,1
4409,0
4410,0
4411,1
4412,0
4413,1
4414,0
4415,0
4416,0
4417,0
4418,1
4419,0
4420,0
4421,0
4422,1
4423,1
4424,0
4425,0
4426,0
4427,0
4428,1
4429,1
4430,1
4431,0
4432,0
4433,1
4434,1
4435,0
4436,1
4437,0
4438,0
4439,1
4440,0
4441,1
4442,0
4443,0
4444,1
4445,0
4446,0
4447,1
4448,1
4449,1
4450,1
4451,0
4452,1
4453,0
4454,1
4455,1
4456,1
4457,1
4458,1
4459,0
4460,1
4461,0
4462,1
4463,1
4464,0
4465,0
4466,1
4467,0
4468,1
4469,1
4470,0
4471,1
4472,0
4473,0
4474,1
4475,0
4476,1
4477,0
4478,1
4479,0
4480,1
4481,0
4482,1
4483,1
4484,0
4485,0
4486,0
4487,0
4488,0
4489,0
4490,1
4491,0
4492,1
4493,1
4494,1
4495,0
4496,1
4497,0
4498,0
4499,0
4500,1
4501,1
4502,0
4503,1
4504,1
4505,0
4506,1
4507,0
4508,1
4509,1
4510,0
4511,1
4512,1
4513,1
4514,0
4515,1
4516,0
4517,1
4518,1
4519,0
4520,1
4521,1
4522,1
4523,0
4524,0
4525,1
4526,1
4527,1
4528,1
4529,0
4530,1
4531,0
4532,1
4533,1
4534,0
4535,1
4536,1
4537,0
4538,1
4539,1
4540,0
4541,1
4542,1
4543,1
4544,1
4545,0
4546,0
4547,0
4548,1
4549,0
4550,1
4551,0
4552,0
4553,0
4554,1
4555,1
4556,1
4557,1
4558,1
4559,0
4560,1
4561,0
4562,0
4563,0
4564,0
4565,1
4566,0
4567,1
4568,1
4569,0
4570,0
4571,0
4572,0
4573,1
4574,0
4575,1
4576,1
4577,0
4578,1
4579,1
4580,1
4581,1
4582,0
4583,0
4584,1
4585,1
4586,1
4587,1
4588,0
4589,1
4590,1
4591,1
4592,0
4593,1
4594,0
4595,1
4596,0
4597,1
4598,0
4599,1
4600,0
4601,0
4602,0
4603,0
4604,1
4605,1
4606,1
4607,0
4608,1
4609,1
4610,1
4611,1
4612,0
4613,1
4614,1
4615,0
4616,0
4617,1
4618,1
4619,0
4620,1
4621,0
4622,0
4623,0
4624,1
4625,1
4626,1
4627,0
4628,0
4629,1
4630,0
4631,0
4632,1
4633,1
4634,0
4635,0
4636,0
4637,0
4638,0
4639,0
4640,0
4641,0
4642,0
4643,0
4644,0
4645,1
4646,1
4647,1
4648,0
4649,1
4650,0
4651,1
4652,0
4653,0
4654,1
4655,0
4656,0
4657,1
4658,1
4659,1
4660,1
4661,1
4662,1
4663,0
4664,0
4665,1
4666,0
4667,0
4668,0
4669,0
4670,0
4671,0
4672,1
4673,1
4674,1
4675,0
4676,0
4677,0
4678,0
4679,0
4680,0
4681,1
4682,0
4683,1
4684,0
4685,0
4686,0
4687,0
4688,1
4689,1
4690,0
4691,1
4692,0
4693,0
4694,1
4695,0
4696,1
4697,0
4698,0
4699,0
4700,0
4701,0
4702,0
4703,1
4704,0
4705,1
4706,1
4707,0
4708,1
4709,0
4710,0
4711,0
4712,0
4713,0
4714,0
4715,1
4716,1
4717,1
4718,0
4719,1
4720,1
4721,0
4722,1
4723,0
4724,0
4725,1
4726,1
4727,1
4728,1
4729,1
4730,1
4731,0
4732,1
4733,0
4734,0
4735,0
4736,0
4737,1
4738,0
4739,1
4740,1
4741,0
4742,0
4743,1
4744,0
4745,0
4746,0
4747,0
4748,1
4749,0
4750,1
4751,1
4752,0
4753,1
4754,0
4755,0
4756,1
4757,0
4758,0
4759,1
4760,0
4761,0
4762,1
4763,0
4764,0
4765,1
4766,0
4767,0
4768,1
4769,1
4770,0
4771,0
4772,1
4773,1
4774,0
4775,0
4776,1
4777,0
4778,1
4779,0
4780,0
4781,0
4782,0
4783,0
4784,0
4785,1
4786,0
4787,1
4788,1
4789,1
4790,0
4791,0
4792,1
4793,0
4794,0
4795,0
4796,0
4797,0
4798,1
4799,1
4800,0
4801,0
4802,1
4803,0
4804,0
4805,0
4806,1
4807,1
4808,1
4809,0
4810,1
4811,1
4812,1
4813,0
4814,0
4815,1
4816,0
4817,1
4818,1
4819,1
4820,0
4821,0
4822,0
4823,0
4824,0
4825,0
4826,0
4827,0
4828,1
4829,0
4830,1
4831,0
4832,0
4833,1
4834,1
4835,1
4836,1
4837,0
4838,0
4839,1
4840,1
4841,1
4842,0
4843,0
4844,1
4845,1
4846,1
4847,0
4848,1
4849,0
4850,0
4851,1
4852,0
4853,0
4854,1
4855,0
4856,1
4857,1
4858,0
4859,0
4860,1
4861,0
4862,1
4863,0
4864,0
4865,1
4866,0
4867,1
4868,0
4869,1
4870,1
4871,1
4872,1
4873,0
4874,1
4875,1
4876,1
4877,1
4878,1
4879,1
4880,0
4881,1
4882,1
4883,1
4884,1
4885,0
4886,1
4887,1
4888,0
4889,1
4890,0
4891,1
4892,1
4893,0
4894,0
4895,0
4896,0
4897,0
4898,1
4899,1
4900,1
4901,1
4902,0
4903,0
4904,1
4905,1
4906,0
4907,0
4908,1
4909,1
4910,1
4911,1
4912,0
4913,1
4914,0
4915,1
4916,0
4917,1
4918,1
4919,0
4920,0
4921,1
4922,1
4923,1
4924,1
4925,0
4926,0
4927,1
4928,1
4929,0
4930,1
4931,1
4932,0
4933,1
4934,1
4935,1
4936,0
4937,1
4938,1
4939,1
4940,1
4941,0
4942,1
4943,0
4944,1
4945,0
4946,0
4947,1
4948,0
4949,1
4950,0
4951,1
4952,1
4953,1
4954,1
4955,1
4956,1
4957,0
4958,0
4959,1
4960,1
4961,1
4962,0
4963,0
4964,1
4965,0
4966,0
4967,1
4968,0
4969,1
4970,1
4971,0
4972,0
4973,0
4974,1
4975,0
4976,1
4977,1
4978,1
4979,1
4980,0
4981,1
4982,1
4983,1
4984,1
4985,0
4986,0
4987,1
4988,1
4989,0
4990,1
4991,1
4992,0
4993,0
4994,1
4995,1
4996,0
4997,0
4998,1
4999,1
5000,1
5001,1
5002,1
5003,0
5004,0
5005,0
5006,1
5007,1
5008,1
5009,1
5010,1
5011,0
5012,0
5013,1
5014,1
5015,0
5016,1
5017,1
5018,0
5019,0
5020,1
5021,0
5022,0
5023,1
5024,0
5025,1
5026,0
5027,1
5028,0
5029,0
5030,0
5031,1
5032,0
5033,1
5034,0
5035,1
5036,0
5037,0
5038,0
5039,1
5040,0
5041,0
5042,0
5043,1
5044,1
5045,1
5046,0
5047,0
5048,1
5049,1
5050,1
5051,0
5052,1
5053,0
5054,1
5055,1
5056,0
5057,1
5058,1
5059,0
5060,1
5061,1
5062,0
5063,0
5064,0
5065,1
5066,1
5067,0
5068,1
5069,0
5070,1
5071,1
5072,1
5073,0
5074,0
5075,1
5076,0
5077,1
5078,1
5079,1
5080,0
5081,1
5082,1
5083,0
5084,0
5085,0
5086,0
5087,1
5088,1
5089,1
5090,0
5091,1
5092,0
5093,0
5094,1
5095,0
5096,0
5097,0
5098,0
5099,0
5100,1
5101,1
5102,0
5103,0
5104,1
5105,0
5106,1
5107,1
5108,1
5109,1
5110,0
5111,0
5112,1
5113,0
5114,0
5115,0
5116,0
5117,0
5118,0
5119,1
5120,1
5121,0
5122,0
5123,1
5124,0
5125,1
5126,1
5127,0
5128,1
5129,1
5130,0
5131,1
5132,1
5133,1
5134,0
5135,0
5136,1
5137,0
5138,1
5139,1
5140,1
5141,0
5142,1
5143,1
5144,0
5145,0
5146,1
5147,0
5148,1
5149,0
5150,0
5151,1
5152,1
5153,0
5154,1
5155,1
5156,0
5157,0
5158,1
5159,0
5160,1
5161,1
5162,1
5163,1
5164,0
5165,1
5166,0
5167,0
5168,1
5169,1
5170,1
5171,1
5172,0
5173,1
5174,1
5175,1
5176,0
5177,1
5178,0
5179,0
5180,0
5181,0
5182,1
5183,0
5184,0
5185,0
5186,0
5187,1
5188,1
5189,0
5190,1
5191,0
5192,0
5193,1
5194,1
5195,1
5196,1
5197,1
5198,0
5199,1
5200,0
5201,0
5202,0
5203,0
5204,1
5205,1
5206,0
5207,1
5208,1
5209,1
5210,0
5211,1
5212,0
5213,0
5214,1
5215,1
5216,1
5217,1
5218,1
5219,0
5220,1
5221,0
5222,0
5223,1
5224,1
5225,1
5226,0
5227,0
5228,0
5229,0
5230,1
5231,1
5232,0
5233,0
5234,1
5235,0
5236,1
5237,0
5238,0
5239,0
5240,0
5241,1
5242,1
5243,1
5244,0
5245,0
5246,0
5247,1
5248,1
5249,1
5250,0
5251,0
5252,0
5253,1
5254,1
5255,0
5256,0
5257,0
5258,1
5259,0
5260,0
5261,1
5262,1
5263,0
5264,0
5265,0
5266,1
5267,1
5268,1
5269,0
5270,0
5271,1
5272,1
5273,0
5274,1
5275,0
5276,1
5277,0
5278,1
5279,0
5280,1
5281,0
5282,1
5283,1
5284,1
5285,1
5286,0
5287,1
5288,0
5289,0
5290,1
5291,0
5292,1
5293,1
5294,1
5295,1
5296,1
5297,0
5298,0
5299,1
5300,0
5301,0
5302,1
5303,0
5304,1
5305,1
5306,0
5307,0
5308,0
5309,0
5310,1
5311,1
5312,0
5313,0
5314,0
5315,1
5316,1
5317,1
5318,1
5319,1
5320,0
5321,1
5322,1
5323,0
5324,1
5325,1
5326,0
5327,1
5328,0
5329,1
5330,0
5331,0
5332,0
5333,0
5334,1
5335,1
5336,0
5337,0
5338,0
5339,1
5340,1
5341,1
5342,0
5343,0
5344,1
5345,0
5346,1
5347,1
5348,1
5349,0
5350,0
5351,0
5352,1
5353,0
5354,1
5355,1
5356,0
5357,0
5358,1
5359,1
5360,1
5361,0
5362,0
5363,0
5364,0
5365,0
5366,0
5367,0
5368,0
5369,1
5370,0
5371,1
5372,0
5373,0
5374,0
5375,1
5376,0
5377,1
5378,0
5379,1
5380,0
5381,0
5382,0
5383,0
5384,0
5385,0
5386,1
5387,0
5388,1
5389,1
5390,1
5391,1
5392,1
5393,0
5394,0
5395,0
5396,0
5397,0
5398,0
5399,1
5400,1
5401,1
5402,0
5403,1
5404,0
5405,1
5406,1
5407,0
5408,0
5409,0
5410,0
5411,1
5412,1
5413,1
5414,0
5415,1
5416,1
5417,1
5418,0
5419,1
5420,1
5421,1
5422,0
5423,0
5424,0
5425,1
5426,1
5427,1
5428,1
5429,1
5430,0
5431,1
5432,0
5433,0
5434,0
5435,1
5436,0
5437,0
5438,1
5439,0
5440,0
5441,0
5442,0
5443,0
5444,0
5445,0
5446,0
5447,1
5448,0
5449,1
5450,0
5451,1
5452,1
5453,0
5454,0
5455,1
5456,0
5457,0
5458,1
5459,1
5460,0
5461,1
5462,1
5463,0
5464,0
5465,0
5466,0
5467,0
5468,0
5469,1
5470,1
5471,1
5472,0
5473,1
5474,1
5475,0
5476,1
5477,1
5478,0
5479,1
5480,0
5481,1
5482,1
5483,0
5484,1
5485,1
5486,0
5487,1
5488,0
5489,0
5490,1
5491,1
5492,1
5493,0
5494,1
5495,1
5496,0
5497,0
5498,0
5499,0
5500,1
5501,1
5502,1
5503,1
5504,0
5505,1
5506,0
5507,0
5508,0
5509,1
5510,1
5511,0
5512,1
5513,1
5514,1
5515,0
5516,0
5517,0
5518,1
5519,0
5520,0
5521,0
5522,1
5523,0
5524,0
5525,1
5526,0
5527,0
5528,0
5529,0
5530,1
5531,1
5532,1
5533,1
5534,1
5535,1
5536,1
5537,0
5538,0
5539,1
5540,1
5541,0
5542,0
5543,0
5544,1
5545,1
5546,0
5547,1
5548,1
5549,0
5550,1
5551,1
5552,1
5553,0
5554,0
5555,1
5556,0
5557,0
5558,0
5559,0
5560,1
5561,1
5562,1
5563,1
5564,1
5565,1
5566,1
5567,0
5568,1
5569,1
5570,0
5571,0
5572,0
5573,1
5574,1
5575,1
5576,0
5577,0
5578,0
5579,0
5580,0
5581,0
5582,1
5583,0
5584,1
5585,1
5586,0
5587,0
5588,0
5589,0
5590,1
5591,1
5592,1
5593,0
5594,0
5595,1
5596,0
5597,1
5598,0
5599,1
5600,0
5601,1
5602,1
5603,1
5604,1
5605,1
5606,1
5607,0
5608,1
5609,1
5610,0
5611,0
5612,1
5613,0
5614,1
5615,0
5616,1
5617,0
5618,1
5619,0
5620,1
5621,1
5622,0
5623,1
5624,0
5625,1
5626,0
5627,0
5628,1
5629,0
5630,1
5631,0
5632,0
5633,1
5634,0
5635,0
5636,0
5637,1
5638,0
5639,0
5640,1
5641,1
5642,1
5643,0
5644,1
5645,1
5646,0
5647,0
5648,1
5649,0
5650,0
5651,0
5652,1
5653,0
5654,1
5655,0
5656,0
5657,0
5658,0
5659,0
5660,1
5661,1
5662,0
5663,0
5664,0
5665,1
5666,0
5667,0
5668,1
5669,1
5670,0
5671,1
5672,0
5673,0
5674,0
5675,1
5676,1
5677,0
5678,1
5679,1
5680,1
5681,0
5682,1
5683,0
5684,0
5685,1
5686,0
5687,1
5688,1
5689,0
5690,1
5691,1
5692,0
5693,1
5694,1
5695,1
5696,0
5697,0
5698,1
5699,0
5700,0
5701,0
5702,1
5703,1
5704,0
5705,1
5706,1
5707,1
5708,0
5709,0
5710,1
5711,0
5712,1
5713,0
5714,0
5715,0
5716,0
5717,1
5718,0
5719,1
5720,0
5721,0
5722,0
5723,0
5724,1
5725,1
5726,0
5727,0
5728,1
5729,0
5730,1
5731,1
5732,1
5733,0
5734,0
5735,1
5736,1
5737,1
5738,1
5739,1
5740,1
5741,1
5742,1
5743,0
5744,1
5745,1
5746,1
5747,0
5748,0
5749,0
5750,0
5751,0
5752,0
5753,1
5754,1
5755,0
5756,0
5757,1
5758,1
5759,1
5760,0
5761,0
5762,1
5763,1
5764,1
5765,1
5766,0
5767,1
5768,0
5769,0
5770,1
5771,1
5772,0
5773,0
5774,1
5775,0
5776,1
5777,1
5778,0
5779,1
5780,0
5781,1
5782,0
5783,1
5784,1
5785,0
5786,1
5787,0
5788,1
5789,1
5790,1
5791,0
5792,0
5793,1
5794,0
5795,0
5796,1
5797,0
5798,1
5799,0
5800,0
5801,1
5802,0
5803,0
5804,0
5805,1
5806,1
5807,1
5808,0
5809,0
5810,0
5811,0
5812,0
5813,0
5814,1
5815,1
5816,1
5817,1
5818,0
5819,1
5820,0
5821,0
5822,1
5823,0
5824,0
5825,1
5826,1
5827,1
5828,1
5829,1
5830,0
5831,1
5832,1
5833,0
5834,1
5835,1
5836,0
5837,1
5838,0
5839,1
5840,1
5841,1
5842,1
5843,1
5844,0
5845,1
5846,1
5847,1
5848,0
5849,1
5850,1
5851,1
5852,1
5853,1
5854,0
5855,0
5856,1
5857,1
5858,0
5859,1
5860,0
5861,1
5862,1
5863,0
5864,0
5865,0
5866,0
5867,0
5868,1
5869,0
5870,0
5871,1
5872,1
5873,1
5874,0
5875,1
5876,1
5877,0
5878,1
5879,0
5880,0
5881,0
5882,1
5883,1
5884,1
5885,0
5886,1
5887,1
5888,0
5889,0
5890,0
5891,1
5892,0
5893,0
5894,0
5895,0
5896,1
5897,0
5898,1
5899,1
5900,1
5901,0
5902,1
5903,0
5904,0
5905,1
5906,1
5907,1
5908,1
5909,0
5910,0
5911,0
5912,0
5913,0
5914,1
5915,1
5916,1
5917,1
5918,1
5919,0
5920,0
5921,0
5922,0
5923,1
5924,0
5925,1
5926,1
5927,1
5928,0
5929,1
5930,0
5931,0
5932,0
5933,1
5934,1
5935,1
5936,1
5937,0
5938,0
5939,1
5940,0
5941,0
5942,1
5943,1
5944,0
5945,0
5946,0
5947,0
5948,0
5949,0
5950,1
5951,0
5952,0
5953,1
5954,1
5955,0
5956,1
5957,0
5958,1
5959,1
5960,1
5961,1
5962,0
5963,1
5964,1
5965,1
5966,1
5967,1
5968,1
5969,1
5970,0
5971,0
5972,1
5973,1
5974,0
5975,0
5976,1
5977,0
5978,0
5979,0
5980,1
5981,1
5982,0
5983,1
5984,1
5985,1
5986,1
5987,1
5988,0
5989,1
5990,1
5991,0
5992,0
5993,0
5994,1
5995,1
5996,1
5997,1
5998,1
5999,0
6000,0
6001,1
6002,0
6003,1
6004,0
6005,0
6006,1
6007,1
6008,1
6009,0
6010,1
6011,1
6012,0
6013,0
6014,0
6015,1
6016,1
6017,1
6018,0
6019,1
6020,0
6021,1
6022,1
6023,1
6024,0
6025,1
6026,1
6027,1
6028,1
6029,0
6030,1
6031,0
6032,1
6033,1
6034,1
6035,1
6036,0
6037,1
6038,0
6039,0
6040,1
6041,0
6042,0
6043,1
6044,0
6045,1
6046,0
6047,0
6048,0
6049,0
6050,1
6051,1
6052,0
6053,1
6054,1
6055,0
6056,0
6057,0
6058,0
6059,1
6060,1
6061,1
6062,1
6063,1
6064,1
6065,1
6066,0
6067,0
6068,0
6069,0
6070,0
6071,1
6072,1
6073,0
6074,0
6075,0
6076,1
6077,0
6078,1
6079,1
6080,0
6081,0
6082,1
6083,0
6084,1
6085,1
6086,1
6087,1
6088,1
6089,0
6090,0
6091,0
6092,1
6093,0
6094,0
6095,1
6096,1
6097,1
6098,1
6099,0
6100,1
6101,1
6102,1
6103,0
6104,1
6105,1
6106,1
6107,1
6108,1
6109,0
6110,0
6111,1
6112,0
6113,0
6114,0
6115,0
6116,0
6117,1
6118,1
6119,0
6120,0
6121,1
6122,0
6123,1
6124,0
6125,0
6126,0
6127,1
6128,1
6129,1
6130,0
6131,1
6132,0
6133,1
6134,0
6135,0
6136,1
6137,1
6138,1
6139,1
6140,0
6141,0
6142,0
6143,1
6144,0
6145,1
6146,0
6147,0
6148,1
6149,0
6150,0
6151,0
6152,0
6153,0
6154,0
6155,1
6156,0
6157,0
6158,0
6159,1
6160,1
6161,0
6162,1
6163,0
6164,0
6165,0
6166,1
6167,1
6168,1
6169,1
6170,1
6171,0
6172,1
6173,1
6174,1
6175,0
6176,1
6177,0
6178,0
6179,1
6180,1
6181,0
6182,0
6183,1
6184,0
6185,0
6186,1
6187,1
6188,0
6189,0
6190,0
6191,0
6192,1
6193,1
6194,1
6195,1
6196,1
6197,1
6198,0
6199,1
6200,0
6201,0
6202,1
6203,0
6204,1
6205,1
6206,1
6207,0
6208,0
6209,0
6210,0
6211,0
6212,0
6213,1
6214,1
6215,0
6216,0
6217,1
6218,0
6219,1
6220,0
6221,1
6222,0
6223,0
6224,1
6225,0
6226,1
6227,1
6228,0
6229,1
6230,1
6231,0
6232,0
6233,1
6234,1
6235,1
6236,0
6237,1
6238,0
6239,1
6240,0
6241,0
6242,0
6243,0
6244,0
6245,0
6246,1
6247,1
6248,0
6249,1
6250,1
6251,0
6252,0
6253,0
6254,0
6255,1
6256,1
6257,1
6258,1
6259,0
6260,0
6261,1
6262,1
6263,1
6264,0
6265,1
6266,0
6267,1
6268,0
6269,0
6270,1
6271,0
6272,0
6273,0
6274,1
6275,1
6276,1
6277,0
6278,0
6279,1
6280,1
6281,1
6282,1
6283,1
6284,0
6285,1
6286,0
6287,1
6288,0
6289,1
6290,0
6291,0
6292,1
6293,0
6294,0
6295,1
6296,1
6297,0
6298,1
6299,1
6300,1
6301,1
6302,1
6303,0
6304,0
6305,0
6306,1
6307,0
6308,0
6309,0
6310,0
6311,1
6312,0
6313,1
6314,0
6315,0
6316,0
6317,1
6318,1
6319,0
6320,0
6321,0
6322,0
6323,0
6324,1
6325,0
6326,1
6327,0
6328,1
6329,1
6330,0
6331,0
6332,0
6333,1
6334,0
6335,0
6336,1
6337,1
6338,1
6339,0
6340,1
6341,1
6342,1
6343,1
6344,0
6345,1
6346,1
6347,1
6348,1
6349,1
6350,1
6351,1
6352,0
6353,1
6354,1
6355,1
6356,0
6357,1
6358,0
6359,0
6360,1
6361,1
6362,1
6363,1
6364,0
6365,0
6366,1
6367,0
6368,0
6369,1
6370,0
6371,1
6372,0
6373,1
6374,1
6375,1
6376,1
6377,1
6378,0
6379,0
6380,1
6381,0
6382,1
6383,1
6384,0
6385,0
6386,1
6387,1
6388,1
6389,0
6390,1
6391,1
6392,1
6393,1
6394,0
6395,0
6396,1
6397,0
6398,1
6399,1
6400,1
6401,1
6402,0
6403,0
6404,1
6405,0
6406,1
6407,0
6408,0
6409,0
6410,1
6411,1
6412,0
6413,0
6414,1
6415,0
6416,1
6417,0
6418,1
6419,1
6420,1
6421,1
6422,0
6423,1
6424,0
6425,1
6426,1
6427,0
6428,1
6429,0
6430,0
6431,1
6432,1
6433,0
6434,1
6435,1
6436,0
6437,1
6438,0
6439,1
6440,1
6441,0
6442,0
6443,0
6444,1
6445,0
6446,0
6447,1
6448,0
6449,1
6450,1
6451,0
6452,0
6453,0
6454,1
6455,0
6456,0
6457,0
6458,1
6459,0
6460,0
6461,1
6462,1
6463,1
6464,0
6465,0
6466,1
6467,1
6468,0
6469,0
6470,1
6471,1
6472,1
6473,0
6474,1
6475,0
6476,0
6477,0
6478,0
6479,0
6480,1
6481,0
6482,0
6483,1
6484,1
6485,1
6486,1
6487,1
6488,0
6489,0
6490,1
6491,1
6492,0
6493,0
6494,1
6495,0
6496,0
6497,1
6498,1
6499,0
6500,1
6501,0
6502,0
6503,1
6504,0
6505,1
6506,0
6507,0
6508,0
6509,1
6510,1
6511,0
6512,0
6513,0
6514,0
6515,0
6516,0
6517,1
6518,0
6519,1
6520,0
6521,0
6522,1
6523,1
6524,1
6525,0
6526,1
6527,0
6528,0
6529,1
6530,1
6531,0
6532,0
6533,0
6534,0
6535,0
6536,1
6537,0
6538,1
6539,1
6540,0
6541,1
6542,0
6543,0
6544,0
6545,1
6546,1
6547,0
6548,1
6549,1
6550,0
6551,0
6552,0
6553,1
6554,1
6555,1
6556,0
6557,0
6558,1
6559,1
6560,0
6561,0
6562,0
6563,1
6564,1
6565,0
6566,0
6567,0
6568,1
6569,0
6570,0
6571,0
6572,0
6573,1
6574,1
6575,0
6576,1
6577,1
6578,1
6579,0
6580,0
6581,0
6582,1
6583,0
6584,0
6585,1
6586,1
6587,1
6588,1
6589,1
6590,0
6591,0
6592,1
6593,1
6594,0
6595,1
6596,1
6597,1
6598,0
6599,1
6600,0
6601,1
6602,1
6603,1
6604,0
6605,0
6606,1
6607,0
6608,1
6609,0
6610,1
6611,0
6612,1
6613,0
6614,0
6615,0
6616,1
6617,1
6618,1
6619,1
6620,0
6621,0
6622,1
6623,1
6624,0
6625,0
6626,0
6627,1
6628,1
6629,1
6630,0
6631,1
6632,0
6633,1
6634,1
6635,0
6636,1
6637,0
6638,0
6639,0
6640,0
6641,1
6642,1
6643,0
6644,0
6645,0
6646,0
6647,1
6648,1
6649,1
6650,0
6651,1
6652,1
6653,1
6654,0
6655,1
6656,0
6657,1
6658,1
6659,1
6660,1
6661,0
6662,0
6663,1
6664,1
6665,0
6666,1
6667,1
6668,0
6669,0
6670,0
6671,0
6672,1
6673,0
6674,0
6675,0
6676,1
6677,1
6678,0
6679,0
6680,0
6681,1
6682,1
6683,0
6684,0
6685,0
6686,0
6687,0
6688,0
6689,1
6690,1
6691,0
6692,1
6693,1
6694,0
6695,1
6696,1
6697,1
6698,1
6699,0
6700,1
6701,1
6702,1
6703,0
6704,1
6705,1
6706,1
6707,1
6708,1
6709,0
6710,0
6711,1
6712,1
6713,0
6714,0
6715,0
6716,0
6717,0
6718,1
6719,0
6720,1
6721,1
6722,1
6723,1
6724,1
6725,0
6726,1
6727,0
6728,1
6729,0
6730,0
6731,0
6732,1
6733,1
6734,0
6735,1
6736,0
6737,1
6738,0
6739,1
6740,1
6741,1
6742,1
6743,0
6744,0
6745,1
6746,0
6747,0
6748,1
6749,1
6750,0
6751,1
6752,0
6753,1
6754,0
6755,1
6756,1
6757,0
6758,0
6759,0
6760,1
6761,1
6762,0
6763,1
6764,1
6765,0
6766,1
6767,1
6768,1
6769,1
6770,1
6771,1
6772,1
6773,1
6774,1
6775,0
6776,0
6777,0
6778,1
6779,1
6780,1
6781,1
6782,1
6783,0
6784,1
6785,0
6786,1
6787,1
6788,0
6789,1
6790,0
6791,0
6792,0
6793,0
6794,0
6795,1
6796,0
6797,1
6798,0
6799,0
6800,1
6801,1
6802,0
6803,0
6804,1
6805,1
6806,0
6807,1
6808,0
6809,0
6810,1
6811,1
6812,1
6813,1
6814,1
6815,1
6816,1
6817,1
6818,0
6819,1
6820,0
6821,0
6822,1
6823,0
6824,0
6825,1
6826,1
6827,0
6828,1
6829,0
6830,0
6831,1
6832,0
6833,1
6834,1
6835,1
6836,1
6837,0
6838,1
6839,1
6840,1
6841,0
6842,1
6843,0
6844,0
6845,0
6846,0
6847,1
6848,1
6849,0
6850,1
6851,0
6852,1
6853,1
6854,1
6855,1
6856,0
6857,1
6858,0
6859,0
6860,1
6861,0
6862,0
6863,0
6864,0
6865,1
6866,1
6867,1
6868,0
6869,1
6870,1
6871,1
6872,1
6873,1
6874,0
6875,0
6876,0
6877,1
6878,1
6879,0
6880,1
6881,0
6882,0
6883,0
6884,0
6885,0
6886,0
6887,0
6888,1
6889,1
6890,1
6891,1
6892,0
6893,0
6894,1
6895,1
6896,0
6897,1
6898,0
6899,1
6900,1
6901,0
6902,0
6903,1
6904,1
6905,0
6906,0
6907,1
6908,0
6909,1
6910,0
6911,1
6912,0
6913,0
6914,0
6915,0
6916,0
6917,0
6918,0
6919,0
6920,0
6921,0
6922,1
6923,0
6924,0
6925,1
6926,1
6927,0
6928,0
6929,0
6930,1
6931,0
6932,0
6933,0
6934,1
6935,0
6936,0
6937,0
6938,0
6939,0
6940,1
6941,0
6942,0
6943,1
6944,0
6945,1
6946,0
6947,0
6948,0
6949,1
6950,0
6951,0
6952,1
6953,1
6954,0
6955,1
6956,0
6957,1
6958,1
6959,1
6960,1
6961,1
6962,1
6963,1
6964,0
6965,0
6966,0
6967,1
6968,1
6969,0
6970,0
6971,1
6972,0
6973,1
6974,0
6975,1
6976,0
6977,0
6978,0
6979,1
6980,0
6981,0
6982,0
6983,0
6984,1
6985,1
6986,1
6987,0
6988,0
6989,0
6990,0
6991,0
6992,0
6993,0
6994,0
6995,0
6996,0
6997,1
6998,0
6999,1
7000,1
7001,0
7002,0
7003,1
7004,1
7005,1
7006,1
7007,1
7008,1
7009,1
7010,1
7011,0
7012,0
7013,1
7014,0
7015,1
7016,0
7017,1
7018,1
7019,1
7020,1
7021,1
7022,0
7023,0
7024,0
7025,0
7026,0
7027,1
7028,0
7029,1
7030,1
7031,1
7032,1
7033,1
7034,1
7035,0
7036,1
7037,0
7038,0
7039,0
7040,0
7041,1
7042,0
7043,1
7044,0
7045,0
7046,0
7047,0
7048,0
7049,1
7050,1
7051,0
7052,0
7053,1
7054,0
7055,1
7056,1
7057,0
7058,0
7059,0
7060,0
7061,1
7062,1
7063,0
7064,1
7065,1
7066,0
7067,1
7068,0
7069,0
7070,0
7071,1
7072,0
7073,1
7074,0
7075,0
7076,1
7077,0
7078,1
7079,1
7080,1
7081,1
7082,1
7083,1
7084,1
7085,1
7086,1
7087,0
7088,0
7089,1
7090,0
7091,0
7092,1
7093,1
7094,1
7095,0
7096,1
7097,1
7098,0
7099,1
7100,0
7101,1
7102,0
7103,0
7104,0
7105,0
7106,0
7107,0
7108,0
7109,1
7110,1
7111,0
7112,1
7113,1
7114,0
7115,1
7116,1
7117,1
7118,0
7119,0
7120,0
7121,0
7122,1
7123,0
7124,1
7125,1
7126,0
7127,1
7128,0
7129,0
7130,0
7131,0
7132,1
7133,1
7134,0
7135,1
7136,1
7137,0
7138,0
7139,1
7140,0
7141,1
7142,1
7143,0
7144,0
7145,1
7146,0
7147,1
7148,1
7149,1
7150,1
7151,0
7152,1
7153,0
7154,0
7155,1
7156,1
7157,0
7158,1
7159,1
7160,0
7161,0
7162,1
7163,1
7164,1
7165,0
7166,1
7167,1
7168,0
7169,0
7170,0
7171,0
7172,1
7173,0
7174,1
7175,1
7176,0
7177,1
7178,1
7179,0
7180,1
7181,0
7182,0
7183,1
7184,1
7185,1
7186,1
7187,1
7188,1
7189,0
7190,1
7191,0
7192,1
7193,0
7194,0
7195,1
7196,1
7197,0
7198,1
7199,0
7200,0
7201,1
7202,1
7203,1
7204,1
7205,1
7206,0
7207,0
7208,0
7209,0
7210,0
7211,1
7212,0
7213,0
7214,0
7215,0
7216,0
7217,1
7218,0
7219,0
7220,0
7221,0
7222,1
7223,0
7224,0
7225,0
7226,1
7227,0
7228,1
7229,1
7230,0
7231,1
7232,1
7233,1
7234,0
7235,1
7236,0
7237,0
7238,0
7239,1
7240,1
7241,0
7242,1
7243,1
7244,1
7245,1
7246,0
7247,0
7248,0
7249,1
7250,0
7251,1
7252,0
7253,1
7254,1
7255,0
7256,1
7257,1
7258,0
7259,1
7260,0
7261,1
7262,1
7263,0
7264,1
7265,0
7266,1
7267,0
7268,1
7269,1
7270,0
7271,1
7272,0
7273,0
7274,0
7275,1
7276,0
7277,0
7278,0
7279,0
7280,0
7281,0
7282,1
7283,1
7284,1
7285,0
7286,1
7287,1
7288,0
7289,0
7290,1
7291,0
7292,0
7293,1
7294,0
7295,1
7296,0
7297,0
7298,0
7299,1
7300,1
7301,1
7302,0
7303,1
7304,1
7305,1
7306,0
7307,1
7308,1
7309,0
7310,0
7311,1
7312,0
7313,0
7314,0
7315,0
7316,1
7317,1
7318,1
7319,0
7320,0
7321,1
7322,1
7323,1
7324,1
7325,0
7326,1
7327,0
7328,0
7329,1
7330,0
7331,0
7332,1
7333,0
7334,0
7335,0
7336,0
7337,1
7338,1
7339,0
7340,0
7341,1
7342,0
7343,1
7344,1
7345,0
7346,1
7347,1
7348,1
7349,0
7350,1
7351,0
7352,0
7353,1
7354,0
7355,1
7356,0
7357,1
7358,0
7359,1
7360,0
7361,0
7362,0
7363,0
7364,0
7365,0
7366,0
7367,1
7368,0
7369,1
7370,1
7371,1
7372,1
7373,1
7374,0
7375,1
7376,1
7377,0
7378,0
7379,1
7380,0
7381,1
7382,0
7383,1
7384,1
7385,1
7386,0
7387,1
7388,1
7389,1
7390,1
7391,0
7392,1
7393,1
7394,0
7395,0
7396,0
7397,0
7398,0
7399,1
7400,0
7401,1
7402,0
7403,1
7404,1
7405,0
7406,1
7407,0
7408,1
7409,0
7410,0
7411,1
7412,0
7413,0
7414,0
7415,1
7416,0
7417,0
7418,1
7419,1
7420,1
7421,0
7422,0
7423,0
7424,0
7425,1
7426,0
7427,0
7428,0
7429,0
7430,0
7431,1
7432,1
7433,1
7434,0
7435,0
7436,1
7437,0
7438,1
7439,1
7440,0
7441,0
7442,0
7443,0
7444,1
7445,0
7446,0
7447,1
7448,1
7449,0
7450,0
7451,0
7452,1
7453,1
7454,0
7455,1
7456,1
7457,0
7458,1
7459,0
7460,0
7461,0
7462,0
7463,0
7464,0
7465,0
7466,0
7467,0
7468,0
7469,0
7470,1
7471,0
7472,0
7473,1
7474,0
7475,0
7476,0
7477,1
7478,0
7479,1
7480,1
7481,1
7482,1
7483,0
7484,0
7485,0
7486,1
7487,1
7488,0
7489,0
7490,0
7491,0
7492,0
7493,0
7494,0
7495,0
7496,0
7497,1
7498,0
7499,1
7500,0
7501,0
7502,0
7503,0
7504,0
7505,0
7506,0
7507,0
7508,1
7509,1
7510,0
7511,0
7512,1
7513,1
7514,1
7515,0
7516,0
7517,1
7518,1
7519,1
7520,1
7521,0
7522,1
7523,0
7524,0
7525,0
7526,1
7527,0
7528,0
7529,1
7530,1
7531,1
7532,1
7533,0
7534,0
7535,0
7536,0
7537,0
7538,0
7539,0
7540,1
7541,0
7542,0
7543,1
7544,1
7545,0
7546,0
7547,1
7548,0
7549,0
7550,0
7551,0
7552,1
7553,1
7554,0
7555,0
7556,0
7557,0
7558,0
7559,1
7560,0
7561,1
7562,1
7563,1
7564,0
7565,0
7566,0
7567,1
7568,1
7569,1
7570,0
7571,1
7572,1
7573,1
7574,0
7575,0
7576,1
7577,0
7578,0
7579,1
7580,0
7581,1
7582,0
7583,1
7584,0
7585,1
7586,0
7587,1
7588,0
7589,0
7590,1
7591,1
7592,1
7593,1
7594,0
7595,0
7596,0
7597,0
7598,0
7599,1
7600,0
7601,1
7602,1
7603,1
7604,0
7605,1
7606,0
7607,1
7608,1
7609,0
7610,1
7611,0
7612,0
7613,1
7614,1
7615,0
7616,0
7617,0
7618,1
7619,0
7620,1
7621,0
7622,1
7623,0
7624,0
7625,0
7626,0
7627,0
7628,0
7629,0
7630,0
7631,0
7632,1
7633,0
7634,0
7635,0
7636,1
7637,0
7638,1
7639,0
7640,0
7641,1
7642,0
7643,1
7644,1
7645,1
7646,0
7647,1
7648,1
7649,0
7650,0
7651,1
7652,1
7653,0
7654,0
7655,1
7656,0
7657,0
7658,1
7659,0
7660,1
7661,0
7662,0
7663,0
7664,0
7665,1
7666,0
7667,1
7668,1
7669,0
7670,1
7671,0
7672,0
7673,0
7674,1
7675,0
7676,0
7677,0
7678,1
7679,1
7680,1
7681,1
7682,1
7683,0
7684,0
7685,1
7686,1
7687,1
7688,1
7689,1
7690,0
7691,0
7692,1
7693,1
7694,0
7695,1
7696,1
7697,0
7698,0
7699,1
7700,0
7701,0
7702,1
7703,1
7704,0
7705,1
7706,0
7707,0
7708,1
7709,1
7710,1
7711,1
7712,1
7713,0
7714,1
7715,0
7716,1
7717,0
7718,0
7719,0
7720,1
7721,0
7722,1
7723,0
7724,1
7725,1
7726,1
7727,0
7728,0
7729,1
7730,1
7731,0
7732,0
7733,0
7734,1
7735,1
7736,0
7737,0
7738,1
7739,1
7740,0
7741,0
7742,1
7743,1
7744,0
7745,1
7746,1
7747,0
7748,1
7749,1
7750,0
7751,1
7752,1
7753,0
7754,1
7755,0
7756,0
7757,1
7758,0
7759,1
7760,1
7761,1
7762,1
7763,0
7764,1
7765,1
7766,1
7767,1
7768,1
7769,0
7770,0
7771,0
7772,1
7773,1
7774,1
7775,0
7776,0
7777,1
7778,1
7779,1
7780,0
7781,1
7782,0
7783,0
7784,0
7785,0
7786,0
7787,0
7788,0
7789,1
7790,0
7791,1
7792,1
7793,1
7794,1
7795,0
7796,0
7797,0
7798,0
7799,1
7800,1
7801,1
7802,1
7803,0
7804,0
7805,0
7806,1
7807,0
7808,1
7809,1
7810,1
7811,0
7812,1
7813,0
7814,1
7815,0
7816,1
7817,1
7818,1
7819,1
7820,1
7821,0
7822,1
7823,0
7824,0
7825,0
7826,1
7827,0
7828,0
7829,1
7830,0
7831,0
7832,0
7833,0
7834,1
7835,1
7836,0
7837,1
7838,0
7839,1
7840,1
7841,1
7842,0
7843,1
7844,0
7845,1
7846,0
7847,0
7848,0
7849,1
7850,1
7851,1
7852,1
7853,1
7854,1
7855,1
7856,0
7857,0
7858,0
7859,1
7860,1
7861,0
7862,1
7863,1
7864,1
7865,1
7866,1
7867,0
7868,1
7869,0
7870,1
7871,0
7872,1
7873,1
7874,0
7875,0
7876,1
7877,0
7878,1
7879,1
7880,1
7881,1
7882,1
7883,0
7884,1
7885,1
7886,0
7887,1
7888,1
7889,1
7890,1
7891,0
7892,0
7893,0
7894,1
7895,1
7896,1
7897,1
7898,1
7899,1
7900,0
7901,0
7902,0
7903,0
7904,0
7905,1
7906,1
7907,1
7908,1
7909,0
7910,1
7911,1
7912,0
7913,0
7914,1
7915,0
7916,1
7917,0
7918,1
7919,1
7920,0
7921,1
7922,0
7923,0
7924,0
7925,1
7926,0
7927,1
7928,1
7929,1
7930,0
7931,1
7932,1
7933,1
7934,1
7935,0
7936,0
7937,0
7938,0
7939,0
7940,0
7941,0
7942,1
7943,0
7944,0
7945,1
7946,1
7947,1
7948,1
7949,1
7950,0
7951,1
7952,1
7953,1
7954,0
7955,0
7956,0
7957,0
7958,1
7959,0
7960,1
7961,1
7962,0
7963,0
7964,1
7965,1
7966,1
7967,0
7968,1
7969,1
7970,1
7971,0
7972,0
7973,1
7974,1
7975,1
7976,1
7977,0
7978,1
7979,0
7980,1
7981,1
7982,0
7983,1
7984,1
7985,1
7986,1
7987,0
7988,1
7989,0
7990,0
7991,0
7992,0
7993,0
7994,0
7995,0
7996,1
7997,1
7998,1
7999,1
8000,0
8001,0
8002,1
8003,1
8004,0
8005,0
8006,1
8007,0
8008,0
8009,1
8010,1
8011,1
8012,1
8013,1
8014,0
8015,1
8016,0
8017,0
8018,1
8019,0
8020,1
8021,0
8022,0
8023,1
8024,0
8025,1
8026,1
8027,0
8028,0
8029,1
8030,1
8031,0
8032,0
8033,1
8034,1
8035,1
8036,0
8037,1
8038,1
8039,1
8040,0
8041,0
8042,1
8043,1
8044,0
8045,1
8046,0
8047,0
8048,0
8049,1
8050,1
8051,1
8052,1
8053,0
8054,0
8055,0
8056,0
8057,0
8058,0
8059,1
8060,1
8061,0
8062,1
8063,1
8064,0
8065,0
8066,1
8067,1
8068,0
8069,1
8070,0
8071,1
8072,0
8073,0
8074,0
8075,0
8076,1
8077,0
8078,1
8079,0
8080,1
8081,0
8082,0
8083,0
8084,0
8085,0
8086,0
8087,0
8088,1
8089,0
8090,0
8091,0
8092,0
8093,1
8094,0
8095,1
8096,0
8097,0
8098,0
8099,1
8100,0
8101,1
8102,1
8103,1
8104,0
8105,0
8106,0
8107,1
8108,0
8109,1
8110,1
8111,1
8112,0
8113,0
8114,0
8115,1
8116,0
8117,1
8118,1
8119,0
8120,0
8121,1
8122,1
8123,1
8124,0
8125,1
8126,1
8127,0
8128,1
8129,1
8130,1
8131,1
8132,0
8133,1
8134,1
8135,1
8136,1
8137,1
8138,0
8139,0
8140,1
8141,0
8142,0
8143,1
8144,0
8145,1
8146,1
8147,1
8148,1
8149,0
8150,1
8151,0
8152,0
8153,0
8154,1
8155,0
8156,0
8157,0
8158,0
8159,1
8160,1
8161,1
8162,0
8163,1
8164,1
8165,1
8166,1
8167,0
8168,0
8169,0
8170,0
8171,1
8172,0
8173,0
8174,0
8175,1
8176,1
8177,1
8178,1
8179,0
8180,1
8181,0
8182,0
8183,0
8184,0
8185,1
8186,1
8187,1
8188,0
8189,1
8190,0
8191,1
8192,0
8193,0
8194,0
8195,0
8196,1
8197,0
8198,0
8199,0
8200,0
8201,0
8202,1
8203,0
8204,0
8205,0
8206,1
8207,1
8208,0
8209,1
8210,1
8211,1
8212,0
8213,0
8214,1
8215,1
8216,0
8217,0
8218,0
8219,1
8220,1
8221,0
8222,0
8223,0
8224,0
8225,1
8226,1
8227,1
8228,0
8229,0
8230,1
8231,0
8232,0
8233,1
8234,0
8235,0
8236,0
8237,1
8238,0
8239,1
8240,0
8241,0
8242,0
8243,0
8244,1
8245,1
8246,1
8247,0
8248,1
8249,1
8250,1
8251,1
8252,0
8253,0
8254,1
8255,1
8256,1
8257,1
8258,1
8259,1
8260,1
8261,1
8262,0
8263,1
8264,0
8265,1
8266,1
8267,0
8268,1
8269,0
8270,0
8271,0
8272,1
8273,0
8274,1
8275,1
8276,1
8277,0
8278,1
8279,0
8280,0
8281,1
8282,0
8283,1
8284,1
8285,1
8286,1
8287,1
8288,0
8289,0
8290,1
8291,1
8292,1
8293,0
8294,1
8295,0
8296,0
8297,0
8298,0
8299,1
8300,0
8301,1
8302,1
8303,1
8304,0
8305,1
8306,0
8307,0
8308,0
8309,1
8310,0
8311,1
8312,0
8313,1
8314,0
8315,1
8316,1
8317,1
8318,0
8319,1
8320,0
8321,1
8322,1
8323,1
8324,0
8325,1
8326,1
8327,0
8328,1
8329,1
8330,1
8331,0
8332,0
8333,1
8334,1
8335,0
8336,1
8337,1
8338,1
8339,0
8340,0
8341,1
8342,0
8343,1
8344,0
8345,0
8346,0
8347,0
8348,1
8349,0
8350,1
8351,1
8352,0
8353,1
8354,0
8355,0
8356,1
8357,1
8358,0
8359,0
8360,1
8361,0
8362,1
8363,1
8364,1
8365,0
8366,0
8367,0
8368,0
8369,1
8370,1
8371,1
8372,0
8373,0
8374,1
8375,0
8376,0
8377,1
8378,0
8379,1
8380,0
8381,0
8382,0
8383,0
8384,1
8385,0
8386,0
8387,0
8388,0
8389,0
8390,0
8391,1
8392,1
8393,0
8394,1
8395,0
8396,1
8397,1
8398,0
8399,1
8400,0
8401,0
8402,0
8403,0
8404,1
8405,1
8406,0
8407,0
8408,0
8409,0
8410,0
8411,0
8412,1
8413,0
8414,1
8415,0
8416,1
8417,1
8418,0
8419,1
8420,0
8421,0
8422,0
8423,0
8424,1
8425,0
8426,1
8427,1
8428,1
8429,0
8430,1
8431,1
8432,1
8433,0
8434,0
8435,0
8436,0
8437,1
8438,0
8439,1
8440,1
8441,0
8442,0
8443,1
8444,1
8445,0
8446,0
8447,1
8448,0
8449,1
8450,0
8451,0
8452,0
8453,1
8454,1
8455,0
8456,0
8457,1
8458,1
8459,1
8460,0
8461,1
8462,0
8463,0
8464,0
8465,0
8466,1
8467,1
8468,0
8469,1
8470,0
8471,0
8472,1
8473,0
8474,0
8475,0
8476,1
8477,0
8478,1
8479,0
8480,0
8481,0
8482,0
8483,1
8484,1
8485,1
8486,0
8487,0
8488,0
8489,0
8490,0
8491,0
8492,1
8493,1
8494,1
8495,1
8496,0
8497,0
8498,0
8499,0
8500,0
8501,1
8502,0
8503,0
8504,1
8505,1
8506,1
8507,0
8508,0
8509,1
8510,1
8511,0
8512,0
8513,0
8514,0
8515,1
8516,1
8517,1
8518,0
8519,0
8520,1
8521,1
8522,0
8523,0
8524,0
8525,1
8526,0
8527,0
8528,0
8529,0
8530,0
8531,1
8532,0
8533,0
8534,1
8535,0
8536,1
8537,0
8538,0
8539,1
8540,0
8541,1
8542,1
8543,0
8544,1
8545,0
8546,0
8547,0
8548,1
8549,0
8550,0
8551,1
8552,0
8553,0
8554,0
8555,1
8556,1
8557,1
8558,1
8559,1
8560,1
8561,0
8562,1
8563,0
8564,0
8565,1
8566,1
8567,1
8568,0
8569,1
8570,1
8571,1
8572,0
8573,1
8574,1
8575,1
8576,1
8577,1
8578,0
8579,0
8580,0
8581,0
8582,0
8583,0
8584,1
8585,1
8586,1
8587,1
8588,0
8589,1
8590,1
8591,1
8592,1
8593,1
8594,1
8595,1
8596,0
8597,1
8598,1
8599,0
8600,1
8601,1
8602,0
8603,0
8604,1
8605,0
8606,1
8607,0
8608,1
8609,1
8610,1
8611,1
8612,1
8613,0
8614,0
8615,0
8616,1
8617,1
8618,0
8619,0
8620,0
8621,0
8622,1
8623,0
8624,0
8625,0
8626,0
8627,1
8628,1
8629,0
8630,1
8631,1
8632,1
8633,1
8634,1
8635,1
8636,0
8637,1
8638,1
8639,1
8640,0
8641,0
8642,0
8643,1
8644,0
8645,0
8646,0
8647,1
8648,0
8649,1
8650,1
8651,1
8652,1
8653,1
8654,1
8655,0
8656,1
8657,0
8658,1
8659,0
8660,1
8661,1
8662,0
8663,1
8664,0
8665,1
8666,0
8667,1
8668,1
8669,0
8670,1
8671,1
8672,1
8673,1
8674,0
8675,1
8676,1
8677,0
8678,1
8679,0
8680,0
8681,1
8682,1
8683,1
8684,0
8685,0
8686,1
8687,1
8688,0
8689,0
8690,0
8691,0
8692,1
8693,1
8694,1
8695,0
8696,1
8697,0
8698,0
8699,1
8700,0
8701,0
8702,0
8703,1
8704,1
8705,1
8706,0
8707,1
8708,1
8709,1
8710,1
8711,1
8712,1
8713,1
8714,0
8715,1
8716,1
8717,0
8718,0
8719,1
8720,1
8721,1
8722,0
8723,0
8724,1
8725,0
8726,1
8727,0
8728,0
8729,0
8730,1
8731,1
8732,0
8733,1
8734,0
8735,0
8736,0
8737,1
8738,1
8739,1
8740,1
8741,1
8742,0
8743,0
8744,0
8745,0
8746,0
8747,1
8748,1
8749,0
8750,0
8751,1
8752,1
8753,0
8754,1
8755,1
8756,1
8757,1
8758,0
8759,1
8760,1
8761,0
8762,0
8763,1
8764,0
8765,0
8766,1
8767,1
8768,0
8769,1
8770,1
8771,1
8772,1
8773,0
8774,0
8775,1
8776,0
8777,1
8778,1
8779,0
8780,1
8781,0
8782,0
8783,0
8784,0
8785,0
8786,0
8787,0
8788,1
8789,0
8790,0
8791,0
8792,1
8793,0
8794,1
8795,1
8796,1
8797,1
8798,1
8799,0
8800,1
8801,1
8802,0
8803,0
8804,0
8805,0
8806,0
8807,0
8808,1
8809,0
8810,1
8811,0
8812,0
8813,0
8814,0
8815,1
8816,0
8817,0
8818,1
8819,1
8820,1
8821,0
8822,1
8823,0
8824,1
8825,0
8826,0
8827,0
8828,0
8829,0
8830,0
8831,0
8832,1
8833,1
8834,0
8835,1
8836,0
8837,1
8838,1
8839,0
8840,1
8841,0
8842,1
8843,0
8844,0
8845,0
8846,0
8847,0
8848,1
8849,1
8850,1
8851,1
8852,0
8853,0
8854,0
8855,0
8856,0
8857,1
8858,0
8859,0
8860,0
8861,0
8862,0
8863,0
8864,1
8865,0
8866,0
8867,0
8868,1
8869,1
8870,1
8871,0
8872,0
8873,1
8874,1
8875,1
8876,1
8877,1
8878,1
8879,1
8880,0
8881,1
8882,0
8883,0
8884,1
8885,1
8886,0
8887,1
8888,0
8889,1
8890,0
8891,0
8892,0
8893,0
8894,0
8895,0
8896,1
8897,0
8898,0
8899,1
8900,0
8901,0
8902,1
8903,1
8904,0
8905,1
8906,1
8907,0
8908,1
8909,0
8910,0
8911,0
8912,0
8913,1
8914,1
8915,1
8916,1
8917,1
8918,1
8919,0
8920,1
8921,0
8922,1
8923,1
8924,1
8925,1
8926,0
8927,1
8928,0
8929,0
8930,1
8931,0
8932,0
8933,1
8934,0
8935,0
8936,0
8937,0
8938,0
8939,1
8940,0
8941,0
8942,0
8943,0
8944,1
8945,0
8946,0
8947,1
8948,1
8949,1
8950,1
8951,1
8952,0
8953,1
8954,1
8955,1
8956,1
8957,0
8958,0
8959,0
8960,1
8961,1
8962,1
8963,0
8964,0
8965,0
8966,1
8967,1
8968,0
8969,1
8970,0
8971,0
8972,1
8973,0
8974,1
8975,1
8976,0
8977,1
8978,0
8979,1
8980,0
8981,0
8982,0
8983,0
8984,1
8985,1
8986,0
8987,0
8988,1
8989,1
8990,1
8991,0
8992,1
8993,0
8994,1
8995,1
8996,1
8997,0
8998,1
8999,0
9000,1
9001,1
9002,0
9003,1
9004,1
9005,0
9006,1
9007,0
9008,0
9009,0
9010,0
9011,1
9012,1
9013,0
9014,1
9015,1
9016,1
9017,1
9018,1
9019,0
9020,1
9021,1
9022,0
9023,0
9024,0
9025,0
9026,1
9027,0
9028,1
9029,1
9030,0
9031,1
9032,0
9033,1
9034,1
9035,1
9036,1
9037,0
9038,0
9039,0
9040,1
9041,1
9042,1
9043,0
9044,0
9045,1
9046,0
9047,1
9048,0
9049,0
9050,1
9051,0
9052,1
9053,0
9054,0
9055,0
9056,0
9057,0
9058,0
9059,0
9060,0
9061,1
9062,1
9063,1
9064,1
9065,0
9066,1
9067,1
9068,0
9069,1
9070,0
9071,0
9072,0
9073,1
9074,1
9075,1
9076,0
9077,1
9078,1
9079,1
9080,0
9081,0
9082,1
9083,0
9084,0
9085,0
9086,1
9087,0
9088,1
9089,0
9090,1
9091,0
9092,0
9093,0
9094,0
9095,1
9096,0
9097,1
9098,1
9099,0
9100,0
9101,0
9102,0
9103,0
9104,1
9105,0
9106,1
9107,0
9108,1
9109,0
9110,1
9111,1
9112,1
9113,1
9114,1
9115,1
9116,0
9117,1
9118,1
9119,0
9120,1
9121,1
9122,0
9123,1
9124,0
9125,0
9126,1
9127,1
9128,0
9129,1
9130,0
9131,1
9132,1
9133,1
9134,0
9135,1
9136,1
9137,0
9138,0
9139,0
9140,0
9141,0
9142,0
9143,0
9144,0
9145,1
9146,0
9147,0
9148,1
9149,0
9150,1
9151,1
9152,0
9153,1
9154,1
9155,0
9156,1
9157,0
9158,1
9159,1
9160,0
9161,0
9162,1
9163,0
9164,0
9165,0
9166,0
9167,0
9168,0
9169,1
9170,0
9171,1
9172,1
9173,0
9174,0
9175,0
9176,1
9177,1
9178,1
9179,0
9180,0
9181,0
9182,0
9183,0
9184,1
9185,0
9186,1
9187,0
9188,0
9189,1
9190,1
9191,1
9192,0
9193,0
9194,0
9195,1
9196,0
9197,1
9198,1
9199,0
9200,0
9201,0
9202,1
9203,0
9204,1
9205,0
9206,1
9207,0
9208,0
9209,1
9210,1
9211,0
9212,1
9213,0
9214,0
9215,1
9216,1
9217,1
9218,1
9219,1
9220,1
9221,1
9222,1
9223,0
9224,1
9225,0
9226,0
9227,1
9228,1
9229,0
9230,0
9231,1
9232,1
9233,0
9234,0
9235,1
9236,0
9237,0
9238,0
9239,1
9240,0
9241,1
9242,0
9243,0
9244,0
9245,0
9246,1
9247,0
9248,1
9249,1
9250,0
9251,1
9252,0
9253,0
9254,0
9255,0
9256,1
9257,1
9258,1
9259,1
9260,0
9261,0
9262,0
9263,1
9264,1
9265,0
9266,1
9267,1
9268,1
9269,0
9270,1
9271,1
9272,1
9273,1
9274,1
9275,0
9276,1
9277,1
9278,0
9279,0
9280,0
9281,0
9282,1
9283,1
9284,0
9285,0
9286,0
9287,0
9288,0
9289,0
9290,1
9291,0
9292,0
9293,0
9294,0
9295,1
9296,1
9297,1
9298,1
9299,1
9300,0
9301,1
9302,1
9303,1
9304,1
9305,1
9306,0
9307,0
9308,1
9309,0
9310,0
9311,1
9312,0
9313,0
9314,0
9315,0
9316,0
9317,1
9318,0
9319,1
9320,0
9321,0
9322,0
9323,1
9324,0
9325,1
9326,0
9327,0
9328,0
9329,0
9330,1
9331,0
9332,1
9333,1
9334,0
9335,1
9336,1
9337,1
9338,1
9339,1
9340,1
9341,1
9342,1
9343,1
9344,0
9345,0
9346,0
9347,0
9348,1
9349,1
9350,0
9351,1
9352,0
9353,0
9354,0
9355,0
9356,0
9357,1
9358,0
9359,0
9360,1
9361,1
9362,1
9363,0
9364,1
9365,1
9366,1
9367,0
9368,1
9369,0
9370,1
9371,1
9372,1
9373,0
9374,0
9375,1
9376,0
9377,1
9378,1
9379,1
9380,1
9381,0
9382,1
9383,1
9384,1
9385,1
9386,0
9387,1
9388,0
9389,1
9390,0
9391,0
9392,0
9393,0
9394,0
9395,1
9396,0
9397,1
9398,1
9399,0
9400,0
9401,1
9402,1
9403,1
9404,1
9405,0
9406,1
9407,0
9408,0
9409,1
9410,0
9411,1
9412,0
9413,1
9414,0
9415,0
9416,0
9417,1
9418,1
9419,1
9420,1
9421,0
9422,1
9423,0
9424,1
9425,0
9426,0
9427,0
9428,0
9429,1
9430,1
9431,0
9432,1
9433,1
9434,1
9435,0
9436,1
9437,1
9438,1
9439,1
9440,0
9441,1
9442,1
9443,0
9444,1
9445,0
9446,1
9447,0
9448,1
9449,1
9450,1
9451,1
9452,0
9453,1
9454,1
9455,0
9456,0
9457,1
9458,1
9459,1
9460,0
9461,0
9462,0
9463,1
9464,1
9465,1
9466,1
9467,0
9468,1
9469,0
9470,1
9471,0
9472,1
9473,1
9474,0
9475,1
9476,0
9477,1
9478,0
9479,1
9480,1
9481,1
9482,1
9483,1
9484,1
9485,0
9486,0
9487,0
9488,1
9489,1
9490,0
9491,1
9492,0
9493,1
9494,0
9495,0
9496,1
9497,1
9498,0
9499,0
9500,0
9501,1
9502,1
9503,1
9504,1
9505,0
9506,1
9507,0
9508,1
9509,1
9510,1
9511,0
9512,0
9513,0
9514,1
9515,0
9516,1
9517,1
9518,1
9519,1
9520,0
9521,0
9522,1
9523,0
9524,0
9525,0
9526,0
9527,0
9528,1
9529,0
9530,0
9531,0
9532,0
9533,1
9534,1
9535,1
9536,0
9537,0
9538,1
9539,0
9540,1
9541,0
9542,1
9543,0
9544,1
9545,1
9546,0
9547,1
9548,1
9549,0
9550,0
9551,1
9552,0
9553,1
9554,0
9555,0
9556,1
9557,1
9558,1
9559,0
9560,0
9561,1
9562,0
9563,0
9564,0
9565,0
9566,1
9567,1
9568,1
9569,0
9570,0
9571,0
9572,1
9573,1
9574,0
9575,1
9576,0
9577,1
9578,1
9579,1
9580,0
9581,1
9582,1
9583,1
9584,1
9585,1
9586,1
9587,0
9588,1
9589,1
9590,1
9591,0
9592,0
9593,0
9594,1
9595,1
9596,1
9597,1
9598,1
9599,0
9600,1
9601,0
9602,0
9603,1
9604,1
9605,0
9606,1
9607,1
9608,1
9609,1
9610,0
9611,0
9612,1
9613,0
9614,1
9615,0
9616,0
9617,0
9618,1
9619,1
9620,0
9621,0
9622,1
9623,1
9624,1
9625,0
9626,0
9627,1
9628,1
9629,0
9630,0
9631,0
9632,1
9633,0
9634,0
9635,0
9636,0
9637,0
9638,0
9639,1
9640,1
9641,0
9642,0
9643,0
9644,1
9645,1
9646,1
9647,1
9648,1
9649,0
9650,1
9651,0
9652,1
9653,1
9654,1
9655,1
9656,0
9657,0
9658,1
9659,1
9660,1
9661,1
9662,0
9663,1
9664,1
9665,1
9666,0
9667,0
9668,1
9669,0
9670,1
9671,0
9672,1
9673,1
9674,0
9675,1
9676,0
9677,1
9678,0
9679,0
9680,0
9681,0
9682,1
9683,1
9684,1
9685,0
9686,0
9687,0
9688,0
9689,1
9690,1
9691,1
9692,1
9693,0
9694,1
9695,1
9696,0
9697,1
9698,0
9699,1
9700,1
9701,1
9702,0
9703,0
9704,0
9705,1
9706,0
9707,0
9708,1
9709,1
9710,0
9711,0
9712,0
9713,0
9714,0
9715,0
9716,0
9717,0
9718,0
9719,1
9720,1
9721,0
9722,1
9723,1
9724,1
9725,0
9726,0
9727,0
9728,1
9729,0
9730,1
9731,0
9732,0
9733,0
9734,0
9735,0
9736,1
9737,0
9738,0
9739,0
9740,0
9741,0
9742,1
9743,1
9744,0
9745,0
9746,0
9747,1
9748,0
9749,1
9750,0
9751,0
9752,1
9753,0
9754,0
9755,0
9756,1
9757,1
9758,0
9759,0
9760,0
9761,1
9762,1
9763,0
9764,0
9765,1
9766,1
9767,1
9768,0
9769,0
9770,0
9771,1
9772,1
9773,0
9774,1
9775,0
9776,1
9777,1
9778,1
9779,1
9780,1
9781,0
9782,0
9783,1
9784,0
9785,0
9786,1
9787,1
9788,0
9789,1
9790,1
9791,1
9792,1
9793,1
9794,0
9795,1
9796,0
9797,1
9798,1
9799,0
9800,0
9801,0
9802,0
9803,1
9804,1
9805,0
9806,0
9807,0
9808,1
9809,0
9810,1
9811,1
9812,0
9813,0
9814,0
9815,1
9816,0
9817,1
9818,1
9819,0
9820,1
9821,0
9822,0
9823,1
9824,0
9825,0
9826,0
9827,0
9828,0
9829,0
9830,1
9831,0
9832,0
9833,0
9834,0
9835,1
9836,1
9837,1
9838,1
9839,1
9840,1
9841,1
9842,0
9843,1
9844,0
9845,0
9846,0
9847,1
9848,1
9849,1
9850,1
9851,0
9852,1
9853,0
9854,0
9855,0
9856,0
9857,0
9858,0
9859,0
9860,1
9861,1
9862,0
9863,1
9864,1
9865,0
9866,0
9867,0
9868,0
9869,1
9870,0
9871,1
9872,0
9873,0
9874,0
9875,1
9876,1
9877,1
9878,0
9879,1
9880,1
9881,1
9882,0
9883,0
9884,1
9885,1
9886,0
9887,1
9888,1
9889,1
9890,1
9891,0
9892,0
9893,1
9894,1
9895,0
9896,1
9897,0
9898,1
9899,0
9900,0
9901,0
9902,1
9903,1
9904,0
9905,1
9906,1
9907,1
9908,0
9909,1
9910,1
9911,1
9912,0
9913,1
9914,0
9915,1
9916,1
9917,0
9918,1
9919,1
9920,1
9921,0
9922,0
9923,1
9924,0
9925,0
9926,0
9927,1
9928,1
9929,1
9930,1
9931,1
9932,1
9933,0
9934,0
9935,1
9936,1
9937,1
9938,0
9939,0
9940,0
9941,1
9942,1
9943,1
9944,0
9945,0
9946,1
9947,1
9948,1
9949,1
9950,1
9951,1
9952,1
9953,0
9954,0
9955,1
9956,1
9957,1
9958,0
9959,1
9960,0
9961,1
9962,0
9963,0
9964,0
9965,0
9966,0
9967,0
9968,0
9969,0
9970,1
9971,0
9972,0
9973,1
9974,1
9975,1
9976,0
9977,0
9978,0
9979,0
9980,1
9981,1
9982,0
9983,1
9984,1
9985,0
9986,1
9987,0
9988,0
9989,1
9990,0
9991,1
9992,0
9993,0
9994,1
9995,1
9996,1
9997,0
9998,0
9999,0
10000,0
10001,0
10002,1
10003,0
10004,1
10005,0
10006,1
10007,1
10008,0
10009,0
10010,1
10011,1
10012,0
10013,1
10014,0
10015,0
10016,0
10017,1
10018,0
10019,1
10020,0
10021,1
10022,1
10023,1
10024,0
10025,1
10026,0
10027,0
10028,1
10029,0
10030,0
10031,1
10032,0
10033,0
10034,0
10035,1
10036,0
10037,0
10038,0
10039,0
10040,0
10041,0
10042,0
10043,1
10044,0
10045,1
10046,0
10047,0
10048,0
10049,0
10050,1
10051,0
10052,1
10053,1
10054,1
10055,1
10056,0
10057,0
10058,0
10059,0
10060,1
10061,0
10062,0
10063,0
10064,0
10065,1
10066,0
10067,1
10068,1
10069,1
10070,1
10071,1
10072,1
10073,1
10074,1
10075,0
10076,0
10077,0
10078,0
10079,1
10080,1
10081,1
10082,0
10083,1
10084,0
10085,1
10086,1
10087,0
10088,0
10089,1
10090,1
10091,0
10092,1
10093,1
10094,0
10095,0
10096,1
10097,0
10098,1
10099,1
10100,0
10101,0
10102,0
10103,1
10104,1
10105,0
10106,1
10107,1
10108,0
10109,0
10110,0
10111,1
10112,0
10113,0
10114,1
10115,0
10116,0
10117,0
10118,0
10119,1
10120,1
10121,1
10122,0
10123,1
10124,1
10125,0
10126,1
10127,0
10128,0
10129,0
10130,0
10131,0
10132,1
10133,1
10134,1
10135,0
10136,1
10137,1
10138,1
10139,0
10140,1
10141,0
10142,1
10143,1
10144,1
10145,0
10146,0
10147,1
10148,0
10149,0
10150,0
10151,0
10152,1
10153,1
10154,1
10155,1
10156,1
10157,0
10158,0
10159,0
10160,1
10161,0
10162,0
10163,1
10164,0
10165,0
10166,0
10167,0
10168,1
10169,1
10170,1
10171,0
10172,0
10173,1
10174,1
10175,0
10176,0
10177,1
10178,1
10179,1
10180,1
10181,1
10182,1
10183,0
10184,1
10185,1
10186,1
10187,0
10188,0
10189,1
10190,1
10191,1
10192,1
10193,1
10194,1
10195,0
10196,1
10197,0
10198,0
10199,0
10200,1
10201,0
10202,1
10203,0
10204,0
10205,0
10206,0
10207,1
10208,0
10209,0
10210,0
10211,0
10212,1
10213,0
10214,1
10215,1
10216,0
10217,0
10218,0
10219,1
10220,0
10221,1
10222,0
10223,0
10224,0
10225,1
10226,0
10227,1
10228,1
10229,0
10230,1
10231,0
10232,0
10233,1
10234,0
10235,1
10236,1
10237,1
10238,0
10239,1
10240,0
10241,0
10242,1
10243,0
10244,0
10245,1
10246,0
10247,1
10248,0
10249,0
10250,1
10251,1
10252,1
10253,0
10254,0
10255,0
10256,0
10257,1
10258,0
10259,1
10260,1
10261,0
10262,0
10263,0
10264,0
10265,1
10266,0
10267,0
10268,0
10269,0
10270,1
10271,1
10272,0
10273,0
10274,1
10275,0
10276,1
10277,0
10278,1
10279,0
10280,1
10281,0
10282,1
10283,0
10284,0
10285,0
10286,0
10287,0
10288,1
10289,1
10290,1
10291,0
10292,0
10293,0
10294,0
10295,0
10296,1
10297,0
10298,0
10299,1
10300,0
10301,0
10302,1
10303,1
10304,0
10305,0
10306,1
10307,0
10308,0
10309,0
10310,1
10311,1
10312,0
10313,0
10314,1
10315,0
10316,1
10317,1
10318,1
10319,0
10320,0
10321,0
10322,0
10323,1
10324,0
10325,1
10326,1
10327,0
10328,1
10329,1
10330,0
10331,1
10332,1
10333,1
10334,1
10335,0
10336,0
10337,0
10338,0
10339,0
10340,0
10341,0
10342,1
10343,0
10344,0
10345,1
10346,1
10347,0
10348,1
10349,0
10350,1
10351,0
10352,1
10353,1
10354,1
10355,1
10356,0
10357,0
10358,1
10359,1
10360,0
10361,1
10362,1
10363,0
10364,1
10365,1
10366,0
10367,1
10368,0
10369,0
10370,1
10371,1
10372,0
10373,0
10374,1
10375,0
10376,0
10377,0
10378,0
10379,0
10380,0
10381,0
10382,0
10383,0
10384,1
10385,0
10386,0
10387,0
10388,0
10389,1
10390,1
10391,1
10392,1
10393,0
10394,0
10395,1
10396,1
10397,0
10398,0
10399,0
10400,0
10401,1
10402,1
10403,1
10404,1
10405,1
10406,1
10407,1
10408,0
10409,1
10410,0
10411,0
10412,1
10413,0
10414,1
10415,1
10416,0
10417,0
10418,1
10419,0
10420,0
10421,1
10422,0
10423,1
10424,0
10425,1
10426,0
10427,1
10428,1
10429,1
10430,1
10431,0
10432,1
10433,0
10434,1
10435,1
10436,0
10437,1
10438,0
10439,0
10440,1
10441,1
10442,0
10443,0
10444,1
10445,1
10446,0
10447,1
10448,0
10449,1
10450,0
10451,1
10452,1
10453,1
10454,1
10455,0
10456,0
10457,1
10458,1
10459,0
10460,0
10461,0
10462,0
10463,1
10464,0
10465,0
10466,1
10467,0
10468,1
10469,0
10470,1
10471,1
10472,1
10473,1
10474,1
10475,1
10476,0
10477,1
10478,0
10479,0
10480,1
10481,1
10482,0
10483,1
10484,0
10485,0
10486,1
10487,0
10488,1
10489,0
10490,0
10491,0
10492,1
10493,0
10494,1
10495,0
10496,1
10497,0
10498,0
10499,1
10500,0
10501,1
10502,0
10503,0
10504,1
10505,1
10506,0
10507,0
10508,0
10509,1
10510,1
10511,1
10512,1
10513,1
10514,1
10515,0
10516,0
10517,0
10518,1
10519,0
10520,1
10521,1
10522,1
10523,0
10524,1
10525,0
10526,1
10527,1
10528,1
10529,1
10530,0
10531,1
10532,1
10533,1
10534,0
10535,0
10536,0
10537,1
10538,1
10539,1
10540,1
10541,0
10542,1
10543,1
10544,0
10545,0
10546,0
10547,0
10548,0
10549,1
10550,1
10551,1
10552,0
10553,0
10554,1
10555,0
10556,1
10557,1
10558,1
10559,0
10560,0
10561,1
10562,1
10563,0
10564,0
10565,1
10566,0
10567,1
10568,0
10569,0
10570,1
10571,0
10572,1
10573,1
10574,1
10575,1
10576,0
10577,0
10578,0
10579,0
10580,0
10581,0
10582,1
10583,1
10584,1
10585,1
10586,0
10587,0
10588,0
10589,1
10590,1
10591,0
10592,1
10593,1
10594,0
10595,0
10596,1
10597,0
10598,0
10599,1
10600,0
10601,0
10602,1
10603,1
10604,0
10605,1
10606,1
10607,1
10608,1
10609,0
10610,0
10611,0
10612,0
10613,0
10614,0
10615,0
10616,0
10617,1
10618,1
10619,1
10620,1
10621,1
10622,0
10623,0
10624,1
10625,0
10626,0
10627,1
10628,1
10629,0
10630,0
10631,1
10632,0
10633,0
10634,1
10635,1
10636,1
10637,1
10638,0
10639,1
10640,1
10641,1
10642,1
10643,0
10644,0
10645,1
10646,0
10647,0
10648,1
10649,1
10650,0
10651,1
10652,0
10653,1
10654,0
10655,1
10656,1
10657,0
10658,0
10659,0
10660,1
10661,0
10662,1
10663,1
10664,0
10665,1
10666,1
10667,1
10668,1
10669,1
10670,1
10671,0
10672,1
10673,1
10674,1
10675,0
10676,0
10677,0
10678,0
10679,1
10680,0
10681,0
10682,0
10683,1
10684,0
10685,0
10686,0
10687,0
10688,0
10689,1
10690,1
10691,1
10692,0
10693,1
10694,0
10695,0
10696,1
10697,0
10698,0
10699,1
10700,1
10701,0
10702,1
10703,0
10704,0
10705,0
10706,1
10707,1
10708,0
10709,1
10710,0
10711,1
10712,0
10713,0
10714,0
10715,0
10716,1
10717,0
10718,1
10719,0
10720,1
10721,1
10722,0
10723,0
10724,1
10725,1
10726,0
10727,1
10728,0
10729,1
10730,0
10731,0
10732,1
10733,1
10734,1
10735,0
10736,0
10737,1
10738,1
10739,0
10740,1
10741,0
10742,1
10743,1
10744,0
10745,1
10746,1
10747,0
10748,0
10749,1
10750,1
10751,0
10752,1
10753,0
10754,1
10755,1
10756,0
10757,0
10758,1
10759,1
10760,1
10761,0
10762,0
10763,0
10764,0
10765,0
10766,0
10767,1
10768,0
10769,1
10770,1
10771,0
10772,0
10773,1
10774,1
10775,1
10776,1
10777,1
10778,1
10779,1
10780,0
10781,0
10782,1
10783,0
10784,1
10785,1
10786,0
10787,0
10788,1
10789,1
10790,0
10791,0
10792,1
10793,0
10794,1
10795,1
10796,1
10797,1
10798,0
10799,1
10800,1
10801,0
10802,1
10803,1
10804,1
10805,1
10806,0
10807,0
10808,0
10809,1
10810,1
10811,0
10812,1
10813,1
10814,0
10815,1
10816,0
10817,0
10818,1
10819,0
10820,0
10821,1
10822,1
10823,0
10824,0
10825,1
10826,1
10827,1
10828,0
10829,1
10830,0
10831,1
10832,0
10833,0
10834,1
10835,1
10836,1
10837,1
10838,0
10839,1
10840,0
10841,0
10842,0
10843,0
10844,1
10845,0
10846,0
10847,0
10848,1
10849,1
10850,1
10851,0
10852,1
10853,1
10854,1
10855,0
10856,0
10857,1
10858,1
10859,0
10860,1
10861,0
10862,0
10863,0
10864,0
10865,1
10866,1
10867,0
10868,1
10869,0
10870,1
10871,0
10872,0
10873,1
10874,1
10875,0
10876,0
10877,0
10878,1
10879,1
10880,1
10881,0
10882,1
10883,1
10884,0
10885,0
10886,0
10887,0
10888,0
10889,0
10890,0
10891,0
10892,1
10893,1
10894,0
10895,1
10896,0
10897,0
10898,0
10899,1
10900,0
10901,1
10902,0
10903,1
10904,1
10905,1
10906,1
10907,0
10908,1
10909,1
10910,0
10911,1
10912,0
10913,0
10914,0
10915,1
10916,1
10917,1
10918,0
10919,1
10920,1
10921,0
10922,0
10923,1
10924,0
10925,0
10926,0
10927,1
10928,1
10929,0
10930,0
10931,1
10932,1
10933,0
10934,0
10935,1
10936,1
10937,1
10938,0
10939,0
10940,0
10941,0
10942,0
10943,1
10944,1
10945,0
10946,0
10947,1
10948,0
10949,1
10950,1
10951,1
10952,0
10953,1
10954,0
10955,1
10956,0
10957,0
10958,1
10959,1
10960,1
10961,1
10962,1
10963,0
10964,1
10965,1
10966,0
10967,0
10968,0
10969,0
10970,0
10971,0
10972,0
10973,1
10974,0
10975,0
10976,1
10977,1
10978,0
10979,1
10980,0
10981,1
10982,1
10983,0
10984,0
10985,0
10986,1
10987,0
10988,1
10989,0
10990,1
10991,1
10992,1
10993,0
10994,0
10995,1
10996,0
10997,0
10998,1
10999,0
11000,1
11001,1
11002,1
11003,1
11004,1
11005,0
11006,0
11007,1
11008,0
11009,1
11010,1
11011,0
11012,0
11013,1
11014,1
11015,1
11016,1
11017,0
11018,0
11019,0
11020,0
11021,0
11022,0
11023,1
11024,1
11025,1
11026,0
11027,0
11028,0
11029,0
11030,0
11031,0
11032,0
11033,0
11034,1
11035,1
11036,0
11037,1
11038,1
11039,1
11040,0
11041,1
11042,1
11043,0
11044,1
11045,0
11046,1
11047,0
11048,1
11049,0
11050,1
11051,0
11052,0
11053,1
11054,1
11055,1
11056,1
11057,1
11058,1
11059,0
11060,1
11061,0
11062,1
11063,0
11064,1
11065,0
11066,0
11067,0
11068,1
11069,1
11070,0
11071,0
11072,1
11073,1
11074,0
11075,0
11076,1
11077,0
11078,0
11079,1
11080,0
11081,1
11082,0
11083,1
11084,0
11085,1
11086,0
11087,1
11088,0
11089,0
11090,0
11091,1
11092,0
11093,0
11094,1
11095,0
11096,1
11097,1
11098,0
11099,1
11100,0
11101,0
11102,0
11103,1
11104,1
11105,0
11106,1
11107,0
11108,1
11109,1
11110,1
11111,1
11112,1
11113,0
11114,0
11115,0
11116,1
11117,1
11118,1
